observedAt,game,site,platform,reward,offerKey
2026-08-31T11:35:45Z,Township,chobirich,Android,31817,Township|chobirich|Android|https://www.chobirich.com/ad_details/1894712
2026-08-31T11:35:45Z,Township,coincome,Android,33125,Township|coincome|Android|https://cimcome.jp/campaigns/details/9857
2026-08-31T11:35:45Z,Township,coincome,iOS,30025,Township|coincome|iOS|https://cimcome.jp/campaigns/details/9856
2026-08-31T11:35:45Z,Township,warau,Android,21670,Township|warau|Android|https://www.warau.jp/contents/point/pointEntrance.php?point_id=204645
2026-08-31T11:35:45Z,Township,warau,iOS,16760,Township|warau|iOS|https://www.warau.jp/contents/point/pointEntrance.php?point_id=204643
2026-08-31T11:35:45Z,きのこ伝説,chobirich,Android,3831,きのこ伝説|chobirich|Android|https://www.chobirich.com/ad_details/1883822
2026-08-31T11:35:45Z,きのこ伝説,chobirich,不明,17880,きのこ伝説|chobirich|不明|https://www.chobirich.com/ad_details/1896200
2026-08-31T11:35:45Z,きのこ伝説,coincome,Android,18820,きのこ伝説|coincome|Android|https://cimcome.jp/campaigns/details/10038
2026-08-31T11:35:45Z,きのこ伝説,coincome,iOS,22050,きのこ伝説|coincome|iOS|https://cimcome.jp/campaigns/details/10037
2026-08-31T11:35:45Z,きのこ伝説,warau,iOS,22000,きのこ伝説|warau|iOS|https://www.warau.jp/contents/point/pointEntrance.php?point_id=205816
2026-09-01T00:40:49Z,Township,chobirich,Android,31817,Township|chobirich|Android|https://www.chobirich.com/ad_details/1894712
2026-09-01T00:40:49Z,Township,coincome,Android,33125,Township|coincome|Android|https://cimcome.jp/campaigns/details/9857
2026-09-01T00:40:49Z,Township,coincome,iOS,30025,Township|coincome|iOS|https://cimcome.jp/campaigns/details/9856
2026-09-01T00:40:49Z,Township,warau,Android,21670,Township|warau|Android|https://www.warau.jp/contents/point/pointEntrance.php?point_id=204645
2026-09-01T00:40:49Z,Township,warau,iOS,16760,Township|warau|iOS|https://www.warau.jp/contents/point/pointEntrance.php?point_id=204643
2026-09-01T00:40:49Z,きのこ伝説,chobirich,Android,3831,きのこ伝説|chobirich|Android|https://www.chobirich.com/ad_details/1883822
2026-09-01T00:40:49Z,きのこ伝説,chobirich,不明,17880,きのこ伝説|chobirich|不明|https://www.chobirich.com/ad_details/1896200
2026-09-01T00:40:49Z,きのこ伝説,coincome,Android,18820,きのこ伝説|coincome|Android|https://cimcome.jp/campaigns/details/10038
2026-09-01T00:40:49Z,きのこ伝説,coincome,iOS,22050,きのこ伝説|coincome|iOS|https://cimcome.jp/campaigns/details/10037
2026-09-01T00:40:49Z,きのこ伝説,warau,Android,18800,きのこ伝説|warau|Android|https://www.warau.jp/contents/point/pointEntrance.php?point_id=205817
2026-09-01T00:40:49Z,きのこ伝説,warau,iOS,22000,きのこ伝説|warau|iOS|https://www.warau.jp/contents/point/pointEntrance.php?point_id=205816
2026-09-01T02:36:27Z,Township,chobirich,Android,31817,Township|chobirich|Android|https://www.chobirich.com/ad_details/1894712
2026-09-01T02:36:27Z,Township,coincome,Android,33125,Township|coincome|Android|https://cimcome.jp/campaigns/details/9857
2026-09-01T02:36:27Z,Township,coincome,iOS,30025,Township|coincome|iOS|https://cimcome.jp/campaigns/details/9856
2026-09-01T02:36:27Z,Township,warau,Android,21670,Township|warau|Android|https://www.warau.jp/contents/point/pointEntrance.php?point_id=204645
2026-09-01T02:36:27Z,Township,warau,iOS,16760,Township|warau|iOS|https://www.warau.jp/contents/point/pointEntrance.php?point_id=204643
2026-09-01T02:36:27Z,きのこ伝説,chobirich,Android,3831,きのこ伝説|chobirich|Android|https://www.chobirich.com/ad_details/1883822
2026-09-01T02:36:27Z,きのこ伝説,chobirich,不明,17880,きのこ伝説|chobirich|不明|https://www.chobirich.com/ad_details/1896200
2026-09-01T02:36:27Z,きのこ伝説,coincome,Android,18820,きのこ伝説|coincome|Android|https://cimcome.jp/campaigns/details/10038
2026-09-01T02:36:27Z,きのこ伝説,coincome,iOS,22050,きのこ伝説|coincome|iOS|https://cimcome.jp/campaigns/details/10037
2026-09-01T02:36:27Z,きのこ伝説,warau,Android,18800,きのこ伝説|warau|Android|https://www.warau.jp/contents/point/pointEntrance.php?point_id=205817
2026-09-01T02:36:27Z,きのこ伝説,warau,iOS,22000,きのこ伝説|warau|iOS|https://www.warau.jp/contents/point/pointEntrance.php?point_id=205816
2026-09-01T02:36:27Z,ホワイトアウト・サバイバル,moppy,Android,6119,ホワイトアウト・サバイバル|moppy|Android|https://pc.moppy.jp/ad/detail.php?site_id=160375
2026-09-01T02:36:27Z,ホワイトアウト・サバイバル,warau,Android,11500,ホワイトアウト・サバイバル|warau|Android|https://www.warau.jp/contents/point/pointEntrance.php?point_id=201872
2026-09-01T02:36:27Z,ホワイトアウト・サバイバル,warau,iOS,11500,ホワイトアウト・サバイバル|warau|iOS|https://www.warau.jp/contents/point/pointEntrance.php?point_id=201862
2026-09-02T15:43:43Z,Township,chobirich,Android,31817,Township|chobirich|Android|https://www.chobirich.com/ad_details/1894712
2026-09-02T15:43:43Z,Township,coincome,Android,33125,Township|coincome|Android|https://cimcome.jp/campaigns/details/9857
2026-09-02T15:43:43Z,Township,coincome,iOS,30025,Township|coincome|iOS|https://cimcome.jp/campaigns/details/9856
2026-09-02T15:43:43Z,Township,warau,Android,21670,Township|warau|Android|https://www.warau.jp/contents/point/pointEntrance.php?point_id=204645
2026-09-02T15:43:43Z,Township,warau,iOS,16760,Township|warau|iOS|https://www.warau.jp/contents/point/pointEntrance.php?point_id=204643
2026-09-02T15:43:43Z,きのこ伝説,chobirich,Android,3831,きのこ伝説|chobirich|Android|https://www.chobirich.com/ad_details/1883822
2026-09-02T15:43:43Z,きのこ伝説,chobirich,不明,17880,きのこ伝説|chobirich|不明|https://www.chobirich.com/ad_details/1896200
2026-09-02T15:43:43Z,きのこ伝説,coincome,Android,18820,きのこ伝説|coincome|Android|https://cimcome.jp/campaigns/details/10038
2026-09-02T15:43:43Z,きのこ伝説,coincome,iOS,22050,きのこ伝説|coincome|iOS|https://cimcome.jp/campaigns/details/10037
2026-09-02T15:43:43Z,きのこ伝説,warau,Android,18800,きのこ伝説|warau|Android|https://www.warau.jp/contents/point/pointEntrance.php?point_id=205817
2026-09-02T15:43:43Z,きのこ伝説,warau,iOS,22000,きのこ伝説|warau|iOS|https://www.warau.jp/contents/point/pointEntrance.php?point_id=205816
2026-09-02T15:43:43Z,ホワイトアウト・サバイバル,moppy,Android,6119,ホワイトアウト・サバイバル|moppy|Android|https://pc.moppy.jp/ad/detail.php?site_id=160375
2026-09-02T15:43:43Z,ホワイトアウト・サバイバル,warau,Android,11500,ホワイトアウト・サバイバル|warau|Android|https://www.warau.jp/contents/point/pointEntrance.php?point_id=201872
2026-09-02T15:43:43Z,ホワイトアウト・サバイバル,warau,iOS,11500,ホワイトアウト・サバイバル|warau|iOS|https://www.warau.jp/contents/point/pointEntrance.php?point_id=201862
2026-09-02T15:43:43Z,メメントモリ,warau,Android,12050,メメントモリ|warau|Android|https://ssl.warau.jp/contents/point/pointEntrance.php?pl=pc_categoryService&point_id=205975
2026-09-02T15:43:43Z,メメントモリ,warau,iOS,12050,メメントモリ|warau|iOS|https://ssl.warau.jp/contents/point/pointEntrance.php?pl=pc_categoryService&point_id=206035
2026-09-02T15:43:43Z,ワーキングヒーロー,hapitas,Android,11502,ワーキングヒーロー|hapitas|Android|https://hapitas.jp/item/detail/itemid/101445
2026-09-02T15:43:43Z,ワーキングヒーロー,hapitas,iOS,11502,ワーキングヒーロー|hapitas|iOS|https://hapitas.jp/item/detail/itemid/101444
2026-09-03T08:19:44Z,Township,chobirich,Android,31817,Township|chobirich|Android|https://www.chobirich.com/ad_details/1894712
2026-09-03T08:19:44Z,Township,coincome,Android,33125,Township|coincome|Android|https://cimcome.jp/campaigns/details/9857
2026-09-03T08:19:44Z,Township,coincome,iOS,30025,Township|coincome|iOS|https://cimcome.jp/campaigns/details/9856
2026-09-03T08:19:44Z,Township,warau,Android,21670,Township|warau|Android|https://www.warau.jp/contents/point/pointEntrance.php?point_id=204645
2026-09-03T08:19:44Z,Township,warau,iOS,16760,Township|warau|iOS|https://www.warau.jp/contents/point/pointEntrance.php?point_id=204643
2026-09-03T08:19:44Z,きのこ伝説,chobirich,Android,3831,きのこ伝説|chobirich|Android|https://www.chobirich.com/ad_details/1883822
2026-09-03T08:19:44Z,きのこ伝説,chobirich,不明,17880,きのこ伝説|chobirich|不明|https://www.chobirich.com/ad_details/1896200
2026-09-03T08:19:44Z,きのこ伝説,coincome,Android,18820,きのこ伝説|coincome|Android|https://cimcome.jp/campaigns/details/10038
2026-09-03T08:19:44Z,きのこ伝説,coincome,iOS,22050,きのこ伝説|coincome|iOS|https://cimcome.jp/campaigns/details/10037
2026-09-03T08:19:44Z,きのこ伝説,warau,Android,18800,きのこ伝説|warau|Android|https://www.warau.jp/contents/point/pointEntrance.php?point_id=205817
2026-09-03T08:19:44Z,きのこ伝説,warau,iOS,22000,きのこ伝説|warau|iOS|https://www.warau.jp/contents/point/pointEntrance.php?point_id=205816
2026-09-03T08:19:44Z,ホワイトアウト・サバイバル,moppy,Android,6119,ホワイトアウト・サバイバル|moppy|Android|https://pc.moppy.jp/ad/detail.php?site_id=160375
2026-09-03T08:19:44Z,ホワイトアウト・サバイバル,warau,Android,12500,ホワイトアウト・サバイバル|warau|Android|https://ssl.warau.jp/contents/point/pointEntrance.php?pl=pc_categoryService&point_id=205389
2026-09-03T08:19:44Z,ホワイトアウト・サバイバル,warau,iOS,12500,ホワイトアウト・サバイバル|warau|iOS|https://ssl.warau.jp/contents/point/pointEntrance.php?pl=pc_categoryService&point_id=205390
2026-09-03T08:19:44Z,メメントモリ,warau,Android,12050,メメントモリ|warau|Android|https://ssl.warau.jp/contents/point/pointEntrance.php?pl=pc_categoryService&point_id=205975
2026-09-03T08:19:44Z,メメントモリ,warau,iOS,12050,メメントモリ|warau|iOS|https://ssl.warau.jp/contents/point/pointEntrance.php?pl=pc_categoryService&point_id=206035
2026-09-03T08:19:44Z,ワーキングヒーロー,hapitas,Android,11502,ワーキングヒーロー|hapitas|Android|https://hapitas.jp/item/detail/itemid/101445
2026-09-03T08:19:44Z,ワーキングヒーロー,hapitas,iOS,11502,ワーキングヒーロー|hapitas|iOS|https://hapitas.jp/item/detail/itemid/101444
2026-09-03T15:04:28Z,Township,chobirich,Android,31817,Township|chobirich|Android|https://www.chobirich.com/ad_details/1894712
2026-09-03T15:04:28Z,Township,coincome,Android,33125,Township|coincome|Android|https://cimcome.jp/campaigns/details/9857
2026-09-03T15:04:28Z,Township,coincome,iOS,30025,Township|coincome|iOS|https://cimcome.jp/campaigns/details/9856
2026-09-03T15:04:28Z,Township,warau,Android,21670,Township|warau|Android|https://www.warau.jp/contents/point/pointEntrance.php?point_id=204645
2026-09-03T15:04:28Z,Township,warau,iOS,16760,Township|warau|iOS|https://www.warau.jp/contents/point/pointEntrance.php?point_id=204643
2026-09-03T15:04:28Z,きのこ伝説,chobirich,Android,3831,きのこ伝説|chobirich|Android|https://www.chobirich.com/ad_details/1883822
2026-09-03T15:04:28Z,きのこ伝説,chobirich,不明,17880,きのこ伝説|chobirich|不明|https://www.chobirich.com/ad_details/1896200
2026-09-03T15:04:28Z,きのこ伝説,coincome,Android,18820,きのこ伝説|coincome|Android|https://cimcome.jp/campaigns/details/10038
2026-09-03T15:04:28Z,きのこ伝説,coincome,iOS,22050,きのこ伝説|coincome|iOS|https://cimcome.jp/campaigns/details/10037
2026-09-03T15:04:28Z,きのこ伝説,warau,Android,18800,きのこ伝説|warau|Android|https://www.warau.jp/contents/point/pointEntrance.php?point_id=205817
2026-09-03T15:04:28Z,きのこ伝説,warau,iOS,22000,きのこ伝説|warau|iOS|https://www.warau.jp/contents/point/pointEntrance.php?point_id=205816
2026-09-03T15:04:28Z,ホワイトアウト・サバイバル,moppy,Android,6119,ホワイトアウト・サバイバル|moppy|Android|https://pc.moppy.jp/ad/detail.php?site_id=160375
2026-09-03T15:04:28Z,ワーキングヒーロー,hapitas,Android,11502,ワーキングヒーロー|hapitas|Android|https://hapitas.jp/item/detail/itemid/101445
2026-09-03T15:04:28Z,ワーキングヒーロー,hapitas,iOS,11502,ワーキングヒーロー|hapitas|iOS|https://hapitas.jp/item/detail/itemid/101444
2026-09-04T12:36:00Z,東京ディバンカー,moppy,不明,228,東京ディバンカー|moppy|不明|https://pc.moppy.jp/ad/detail.php?site_id=158270
2026-09-04T12:36:00Z,東京ディバンカー,hapitas,不明,147,東京ディバンカー|hapitas|不明|https://hapitas.jp/item/detail/itemid/91316
2026-09-04T12:36:00Z,パズル＆サバイバル,moppy,Android,39734,パズル＆サバイバル|moppy|Android|https://pc.moppy.jp/ad/detail.php?site_id=160367
2026-09-04T12:36:00Z,パズル＆サバイバル,moppy,iOS,39740,パズル＆サバイバル|moppy|iOS|https://pc.moppy.jp/ad/detail.php?site_id=160366
2026-09-04T12:36:00Z,パズル＆サバイバル,warau,Android,29500,パズル＆サバイバル|warau|Android|https://www.warau.jp/contents/point/pointEntrance.php?point_id=205557
2026-09-04T12:36:00Z,パズル＆サバイバル,warau,iOS,15230,パズル＆サバイバル|warau|iOS|https://www.warau.jp/contents/point/pointEntrance.php?point_id=205361
2026-09-04T12:47:00Z,キングショット,moppy,Android,18523,キングショット|moppy|Android|https://pc.moppy.jp/ad/detail.php?site_id=161855
2026-09-04T12:47:00Z,キングショット,moppy,iOS,18523,キングショット|moppy|iOS|https://pc.moppy.jp/ad/detail.php?site_id=161854
2026-09-04T12:47:00Z,キングショット,hapitas,Android,16320,キングショット|hapitas|Android|https://hapitas.jp/item/detail/itemid/101355
2026-09-04T13:58:00Z,放置少女,moppy,不明,2400,放置少女|moppy|不明|https://pc.moppy.jp/ad/detail.php?site_id=147270
2026-09-04T13:58:00Z,放置少女,warau,Android,1600,放置少女|warau|Android|https://www.warau.jp/contents/point/pointEntrance.php?point_id=177971
2026-09-04T13:58:00Z,エバーテイル,moppy,不明,360,エバーテイル|moppy|不明|https://pc.moppy.jp/ad/detail.php?site_id=158276
2026-09-04T13:58:00Z,エバーテイル,hapitas,Android,195,エバーテイル|hapitas|Android|https://hapitas.jp/item/detail/itemid/96066
2026-09-04T13:58:00Z,エバーテイル,hapitas,iOS,140,エバーテイル|hapitas|iOS|https://hapitas.jp/item/detail/itemid/91344
2026-09-04T23:04:28.549131Z,Township,chobirich,Android,31817,Township|chobirich|Android|https://www.chobirich.com/ad_details/1894712
2026-09-04T23:04:28.549131Z,Township,coincome,Android,33125,Township|coincome|Android|https://cimcome.jp/campaigns/details/9857
2026-09-04T23:04:28.549131Z,Township,coincome,iOS,30025,Township|coincome|iOS|https://cimcome.jp/campaigns/details/9856
2026-09-04T23:04:28.549131Z,Township,warau,Android,21670,Township|warau|Android|https://www.warau.jp/contents/point/pointEntrance.php?point_id=204645
2026-09-04T23:04:28.549131Z,Township,warau,iOS,16760,Township|warau|iOS|https://www.warau.jp/contents/point/pointEntrance.php?point_id=204643
2026-09-04T23:04:28.549131Z,きのこ伝説,chobirich,Android,3831,きのこ伝説|chobirich|Android|https://www.chobirich.com/ad_details/1883822
2026-09-04T23:04:28.549131Z,きのこ伝説,chobirich,不明,17880,きのこ伝説|chobirich|不明|https://www.chobirich.com/ad_details/1896200
2026-09-04T23:04:28.549131Z,きのこ伝説,coincome,Android,18820,きのこ伝説|coincome|Android|https://cimcome.jp/campaigns/details/10038
2026-09-04T23:04:28.549131Z,きのこ伝説,coincome,iOS,22050,きのこ伝説|coincome|iOS|https://cimcome.jp/campaigns/details/10037
2026-09-04T23:04:28.549131Z,きのこ伝説,warau,Android,18800,きのこ伝説|warau|Android|https://www.warau.jp/contents/point/pointEntrance.php?point_id=205817
2026-09-04T23:04:28.549131Z,きのこ伝説,warau,iOS,22000,きのこ伝説|warau|iOS|https://www.warau.jp/contents/point/pointEntrance.php?point_id=205816
2026-09-04T23:04:28.549131Z,エバーテイル,hapitas,Android,195,エバーテイル|hapitas|Android|https://hapitas.jp/item/detail/itemid/96066
2026-09-04T23:04:28.549131Z,エバーテイル,hapitas,iOS,140,エバーテイル|hapitas|iOS|https://hapitas.jp/item/detail/itemid/91344
2026-09-04T23:04:28.549131Z,エバーテイル,moppy,不明,360,エバーテイル|moppy|不明|https://pc.moppy.jp/ad/detail.php?site_id=158276
2026-09-04T23:04:28.549131Z,キングショット,hapitas,Android,16320,キングショット|hapitas|Android|https://hapitas.jp/item/detail/itemid/101355
2026-09-04T23:04:28.549131Z,キングショット,moppy,Android,18523,キングショット|moppy|Android|https://pc.moppy.jp/ad/detail.php?site_id=161855
2026-09-04T23:04:28.549131Z,キングショット,moppy,iOS,18523,キングショット|moppy|iOS|https://pc.moppy.jp/ad/detail.php?site_id=161854
2026-09-04T23:04:28.549131Z,パズル＆サバイバル,moppy,Android,39734,パズル＆サバイバル|moppy|Android|https://pc.moppy.jp/ad/detail.php?site_id=160367
2026-09-04T23:04:28.549131Z,パズル＆サバイバル,moppy,iOS,39740,パズル＆サバイバル|moppy|iOS|https://pc.moppy.jp/ad/detail.php?site_id=160366
2026-09-04T23:04:28.549131Z,パズル＆サバイバル,warau,Android,29500,パズル＆サバイバル|warau|Android|https://www.warau.jp/contents/point/pointEntrance.php?point_id=205557
2026-09-04T23:04:28.549131Z,パズル＆サバイバル,warau,iOS,15230,パズル＆サバイバル|warau|iOS|https://www.warau.jp/contents/point/pointEntrance.php?point_id=205361
2026-09-04T23:04:28.549131Z,ホワイトアウト・サバイバル,moppy,Android,6119,ホワイトアウト・サバイバル|moppy|Android|https://pc.moppy.jp/ad/detail.php?site_id=160375
2026-09-04T23:04:28.549131Z,ワーキングヒーロー,hapitas,Android,11502,ワーキングヒーロー|hapitas|Android|https://hapitas.jp/item/detail/itemid/101445
2026-09-04T23:04:28.549131Z,ワーキングヒーロー,hapitas,iOS,11502,ワーキングヒーロー|hapitas|iOS|https://hapitas.jp/item/detail/itemid/101444
2026-09-04T23:04:28.549131Z,放置少女,moppy,不明,2400,放置少女|moppy|不明|https://pc.moppy.jp/ad/detail.php?site_id=147270
2026-09-04T23:04:28.549131Z,放置少女,warau,Android,1600,放置少女|warau|Android|https://www.warau.jp/contents/point/pointEntrance.php?point_id=177971
2026-09-04T23:04:28.549131Z,東京ディバンカー,hapitas,不明,147,東京ディバンカー|hapitas|不明|https://hapitas.jp/item/detail/itemid/91316
2026-09-04T23:04:28.549131Z,東京ディバンカー,moppy,不明,228,東京ディバンカー|moppy|不明|https://pc.moppy.jp/ad/detail.php?site_id=158270
2026-09-07T23:31:06.493515Z,Township,chobirich,Android,31817,Township|chobirich|Android|https://www.chobirich.com/ad_details/1894712
2026-09-07T23:31:06.493515Z,Township,coincome,Android,33125,Township|coincome|Android|https://cimcome.jp/campaigns/details/9857
2026-09-07T23:31:06.493515Z,Township,coincome,iOS,30025,Township|coincome|iOS|https://cimcome.jp/campaigns/details/9856
2026-09-07T23:31:06.493515Z,Township,warau,Android,21670,Township|warau|Android|https://www.warau.jp/contents/point/pointEntrance.php?point_id=204645
2026-09-07T23:31:06.493515Z,Township,warau,iOS,16760,Township|warau|iOS|https://www.warau.jp/contents/point/pointEntrance.php?point_id=204643
2026-09-07T23:31:06.493515Z,きのこ伝説,chobirich,Android,3831,きのこ伝説|chobirich|Android|https://www.chobirich.com/ad_details/1883822
2026-09-07T23:31:06.493515Z,きのこ伝説,chobirich,不明,17880,きのこ伝説|chobirich|不明|https://www.chobirich.com/ad_details/1896200
2026-09-07T23:31:06.493515Z,きのこ伝説,coincome,Android,18820,きのこ伝説|coincome|Android|https://cimcome.jp/campaigns/details/10038
2026-09-07T23:31:06.493515Z,きのこ伝説,coincome,iOS,22050,きのこ伝説|coincome|iOS|https://cimcome.jp/campaigns/details/10037
2026-09-07T23:31:06.493515Z,きのこ伝説,warau,Android,18800,きのこ伝説|warau|Android|https://www.warau.jp/contents/point/pointEntrance.php?point_id=205817
2026-09-07T23:31:06.493515Z,きのこ伝説,warau,iOS,22000,きのこ伝説|warau|iOS|https://www.warau.jp/contents/point/pointEntrance.php?point_id=205816
2026-09-07T23:31:06.493515Z,エバーテイル,hapitas,Android,195,エバーテイル|hapitas|Android|https://hapitas.jp/item/detail/itemid/96066
2026-09-07T23:31:06.493515Z,エバーテイル,hapitas,iOS,140,エバーテイル|hapitas|iOS|https://hapitas.jp/item/detail/itemid/91344
2026-09-07T23:31:06.493515Z,エバーテイル,moppy,不明,360,エバーテイル|moppy|不明|https://pc.moppy.jp/ad/detail.php?site_id=158276
2026-09-07T23:31:06.493515Z,キングショット,hapitas,Android,16320,キングショット|hapitas|Android|https://hapitas.jp/item/detail/itemid/101355
2026-09-07T23:31:06.493515Z,キングショット,moppy,Android,18523,キングショット|moppy|Android|https://pc.moppy.jp/ad/detail.php?site_id=161855
2026-09-07T23:31:06.493515Z,キングショット,moppy,iOS,18523,キングショット|moppy|iOS|https://pc.moppy.jp/ad/detail.php?site_id=161854
2026-09-07T23:31:06.493515Z,パズル＆サバイバル,moppy,Android,39734,パズル＆サバイバル|moppy|Android|https://pc.moppy.jp/ad/detail.php?site_id=160367
2026-09-07T23:31:06.493515Z,パズル＆サバイバル,moppy,iOS,39740,パズル＆サバイバル|moppy|iOS|https://pc.moppy.jp/ad/detail.php?site_id=160366
2026-09-07T23:31:06.493515Z,パズル＆サバイバル,warau,Android,29500,パズル＆サバイバル|warau|Android|https://www.warau.jp/contents/point/pointEntrance.php?point_id=205557
2026-09-07T23:31:06.493515Z,パズル＆サバイバル,warau,iOS,15230,パズル＆サバイバル|warau|iOS|https://www.warau.jp/contents/point/pointEntrance.php?point_id=205361
2026-09-07T23:31:06.493515Z,ホワイトアウト・サバイバル,moppy,Android,6119,ホワイトアウト・サバイバル|moppy|Android|https://pc.moppy.jp/ad/detail.php?site_id=160375
2026-09-07T23:31:06.493515Z,ワーキングヒーロー,hapitas,Android,11502,ワーキングヒーロー|hapitas|Android|https://hapitas.jp/item/detail/itemid/101445
2026-09-07T23:31:06.493515Z,ワーキングヒーロー,hapitas,iOS,11502,ワーキングヒーロー|hapitas|iOS|https://hapitas.jp/item/detail/itemid/101444
2026-09-07T23:31:06.493515Z,放置少女,moppy,不明,2400,放置少女|moppy|不明|https://pc.moppy.jp/ad/detail.php?site_id=147270
2026-09-07T23:31:06.493515Z,放置少女,warau,Android,1600,放置少女|warau|Android|https://www.warau.jp/contents/point/pointEntrance.php?point_id=177971
2026-09-07T23:31:06.493515Z,東京ディバンカー,hapitas,不明,147,東京ディバンカー|hapitas|不明|https://hapitas.jp/item/detail/itemid/91316
2026-09-07T23:31:06.493515Z,東京ディバンカー,moppy,不明,228,東京ディバンカー|moppy|不明|https://pc.moppy.jp/ad/detail.php?site_id=158270

2026-09-07T23:30:12Z,メメントモリ,warau,iOS,11500,メメントモリ|warau|iOS|https://www.warau.jp/contents/point/pointEntrance.php?point_id=206037
2026-09-07T23:30:12Z,ホワイトアウト・サバイバル,warau,Android,11500,ホワイトアウト・サバイバル|warau|Android|https://www.warau.jp/contents/point/pointEntrance.php?point_id=201872
2026-09-07T23:30:12Z,ホワイトアウト・サバイバル,warau,iOS,11500,ホワイトアウト・サバイバル|warau|iOS|https://www.warau.jp/contents/point/pointEntrance.php?point_id=201862
2026-09-07T23:30:12Z,パズル＆サバイバル,warau,Android,24600,パズル＆サバイバル|warau|Android|https://www.warau.jp/contents/point/pointEntrance.php?point_id=206425
2026-09-07T23:30:12Z,キングショット,warau,Android,16000,キングショット|warau|Android|https://www.warau.jp/contents/point/pointEntrance.php?point_id=204984
2026-09-07T23:30:12Z,キングショット,warau,iOS,16000,キングショット|warau|iOS|https://www.warau.jp/contents/point/pointEntrance.php?point_id=204983
2026-09-07T23:30:12Z,放置少女,warau,iOS,2000,放置少女|warau|iOS|https://www.warau.jp/contents/point/pointEntrance.php?point_id=206411
2026-09-08T03:57:00Z,メメントモリ,hapitas,iOS,4815,メメントモリ|hapitas|iOS|https://hapitas.jp/item/detail/itemid/99420
2026-09-08T03:57:00Z,メメントモリ,hapitas,Android,4815,メメントモリ|hapitas|Android|https://hapitas.jp/item/detail/itemid/99421
2026-09-08T15:00:00+09:00,メメントモリ,warau,iOS,4906,メメントモリ|warau|iOS|https://www.warau.jp/contents/point/pointEntrance.php?point_id=206501
2026-09-08T15:00:00+09:00,メメントモリ,warau,Android,4906,メメントモリ|warau|Android|https://www.warau.jp/contents/point/pointEntrance.php?point_id=206500
2026-09-08T15:00:00+09:00,パズル＆サバイバル,warau,Android,8628,パズル＆サバイバル|warau|Android|https://www.warau.jp/contents/point/pointEntrance.php?point_id=206488
2026-09-08T15:00:00+09:00,パズル＆サバイバル,warau,Android,13016,パズル＆サバイバル|warau|Android|https://www.warau.jp/contents/point/pointEntrance.php?point_id=206460
2026-09-08T16:05:00+09:00,パズル＆サバイバル,hapitas,iOS,35015,パズル＆サバイバル|hapitas|iOS|https://hapitas.jp/item/detail/itemid/98148
2026-09-08T16:05:00+09:00,パズル＆サバイバル,hapitas,Android,30612,パズル＆サバイバル|hapitas|Android|https://hapitas.jp/item/detail/itemid/99158
2026-09-08T16:11:40+09:00,きのこ伝説,hapitas,iOS,18142,きのこ伝説|hapitas|iOS|https://hapitas.jp/item/detail/itemid/102450
2026-09-08T16:11:40+09:00,きのこ伝説,hapitas,Android,14792,きのこ伝説|hapitas|Android|https://hapitas.jp/item/detail/itemid/102451
2026-09-08T16:40:00+09:00,キングショット,hapitas,iOS,16320,キングショット|hapitas|iOS|https://hapitas.jp/item/detail/itemid/101354
2026-09-08T16:49:00+09:00,東京ディバンカー,moppy,不明,199,東京ディバンカー|moppy|不明|https://pc.moppy.jp/ad/detail.php?site_id=158257
2026-09-08T16:54:00+09:00,東京ディバンカー,moppy,不明,228,東京ディバンカー|moppy|不明|https://pc.moppy.jp/ad/detail.php?site_id=158270
2026-09-08T16:54:00+09:00,東京ディバンカー,hapitas,不明,147,東京ディバンカー|hapitas|不明|https://hapitas.jp/item/detail/itemid/91316
2026-09-08T17:03:00+09:00,エバーテイル,warau,iOS,310,エバーテイル|warau|iOS|https://www.warau.jp/contents/point/pointEntrance.php?point_id=188016
2026-09-08T17:09:00+09:00,エバーテイル,moppy,不明,360,エバーテイル|moppy|不明|https://pc.moppy.jp/ad/detail.php?site_id=158275
2026-09-08T17:18:00+09:00,エバーテイル,hapitas,Android,182,エバーテイル|hapitas|Android|https://hapitas.jp/item/detail/itemid/91331
2026-09-08T17:18:00+09:00,エバーテイル,hapitas,iOS,182,エバーテイル|hapitas|iOS|https://hapitas.jp/item/detail/itemid/91345
2026-09-08T17:24:00+09:00,ワーキングヒーロー,hapitas,Android,11502,ワーキングヒーロー|hapitas|Android|https://hapitas.jp/item/detail/itemid/101445
2026-09-08T17:24:00+09:00,ワーキングヒーロー,hapitas,iOS,11502,ワーキングヒーロー|hapitas|iOS|https://hapitas.jp/item/detail/itemid/101444
2026-09-08T17:31:00+09:00,放置少女,hapitas,Android,1501,放置少女|hapitas|Android|https://hapitas.jp/item/detail/itemid/91475
2026-09-08T17:37:00+09:00,東京ディバンカー,hapitas,iOS,147,東京ディバンカー|hapitas|iOS|https://hapitas.jp/item/detail/itemid/91316
2026-09-08T17:43:00+09:00,東京ディバンカー,hapitas,Android,147,東京ディバンカー|hapitas|Android|https://hapitas.jp/item/detail/itemid/91334
2026-09-08T18:02:00+09:00,パズル＆サバイバル,warau,Android,29500,パズル＆サバイバル|warau|Android|https://www.warau.jp/contents/point/pointEntrance.php?point_id=205557
2026-09-08T19:08:00+09:00,Township,chobirich,Android,31030,Township|chobirich|Android|https://www.chobirich.com/ad_details/1894712
2026-09-08T19:15:00+09:00,きのこ伝説,chobirich,Android,3831,きのこ伝説|chobirich|Android|https://www.chobirich.com/ad_details/1883822
2026-09-08T19:15:00+09:00,きのこ伝説,chobirich,Android,17880,きのこ伝説|chobirich|Android|https://www.chobirich.com/ad_details/1896200
2026-09-08T19:15:00+09:00,きのこ伝説,chobirich,Android,13409,きのこ伝説|chobirich|Android|https://www.chobirich.com/ad_details/1896275
2026-09-08T19:22:00+09:00,キングショット,moppy,Android,18523,キングショット|moppy|Android|https://pc.moppy.jp/ad/detail.php?site_id=161855
2026-09-08T19:22:00+09:00,キングショット,moppy,iOS,18523,キングショット|moppy|iOS|https://pc.moppy.jp/ad/detail.php?site_id=161854
2026-09-08T19:22:00+09:00,パズル＆サバイバル,moppy,iOS,39740,パズル＆サバイバル|moppy|iOS|https://pc.moppy.jp/ad/detail.php?site_id=160366
2026-09-08T19:28:00+09:00,ホワイトアウト・サバイバル,moppy,Android,6119,ホワイトアウト・サバイバル|moppy|Android|https://pc.moppy.jp/ad/detail.php?site_id=160375
2026-09-08T19:28:00+09:00,放置少女,warau,Android,1600,放置少女|warau|Android|https://www.warau.jp/contents/point/pointEntrance.php?point_id=177971
2026-09-08T23:45:00+09:00,パズル＆サバイバル,moppy,Android,39734,パズル＆サバイバル|moppy|Android|https://pc.moppy.jp/ad/detail.php?site_id=160367
2026-09-08T23:49:00+09:00,パズル＆サバイバル,warau,iOS,15230,パズル＆サバイバル|warau|iOS|https://www.warau.jp/contents/point/pointEntrance.php?point_id=205361
2026-09-08T23:49:00+09:00,エバーテイル,moppy,不明,360,エバーテイル|moppy|不明|https://pc.moppy.jp/ad/detail.php?site_id=158276
2026-09-08T23:54:00+09:00,キングショット,hapitas,Android,16320,キングショット|hapitas|Android|https://hapitas.jp/item/detail/itemid/101355
2026-09-08T23:54:00+09:00,放置少女,moppy,不明,2400,放置少女|moppy|不明|https://pc.moppy.jp/ad/detail.php?site_id=147270
2026-09-08T23:59:00+09:00,エバーテイル,hapitas,iOS,140,エバーテイル|hapitas|iOS|https://hapitas.jp/item/detail/itemid/91344
2026-09-08T23:59:30+09:00,メメントモリ,warau,Android,11500,メメントモリ|warau|Android|https://www.warau.jp/contents/point/pointEntrance.php?point_id=205982
2026-09-08T23:25:30.647330Z,Township,chobirich,Android,31030,Township|chobirich|Android|https://www.chobirich.com/ad_details/1894712
2026-09-08T23:25:30.647330Z,Township,warau,Android,21670,Township|warau|Android|https://www.warau.jp/contents/point/pointEntrance.php?point_id=204645
2026-09-08T23:25:30.647330Z,Township,warau,iOS,16760,Township|warau|iOS|https://www.warau.jp/contents/point/pointEntrance.php?point_id=204643
2026-09-08T23:25:30.647330Z,きのこ伝説,chobirich,Android,17880,きのこ伝説|chobirich|Android|https://www.chobirich.com/ad_details/1896200
2026-09-08T23:25:30.647330Z,きのこ伝説,hapitas,Android,14792,きのこ伝説|hapitas|Android|https://hapitas.jp/item/detail/itemid/102451
2026-09-08T23:25:30.647330Z,きのこ伝説,hapitas,iOS,18142,きのこ伝説|hapitas|iOS|https://hapitas.jp/item/detail/itemid/102450
2026-09-08T23:25:30.647330Z,きのこ伝説,warau,Android,18800,きのこ伝説|warau|Android|https://www.warau.jp/contents/point/pointEntrance.php?point_id=205817
2026-09-08T23:25:30.647330Z,きのこ伝説,warau,iOS,22000,きのこ伝説|warau|iOS|https://www.warau.jp/contents/point/pointEntrance.php?point_id=205816
2026-09-08T23:25:30.647330Z,エバーテイル,hapitas,Android,182,エバーテイル|hapitas|Android|https://hapitas.jp/item/detail/itemid/91331
2026-09-08T23:25:30.647330Z,エバーテイル,hapitas,iOS,182,エバーテイル|hapitas|iOS|https://hapitas.jp/item/detail/itemid/91345
2026-09-08T23:25:30.647330Z,エバーテイル,moppy,不明,360,エバーテイル|moppy|不明|https://pc.moppy.jp/ad/detail.php?site_id=158276
2026-09-08T23:25:30.647330Z,エバーテイル,warau,iOS,310,エバーテイル|warau|iOS|https://www.warau.jp/contents/point/pointEntrance.php?point_id=188016
2026-09-08T23:25:30.647330Z,キングショット,hapitas,Android,16320,キングショット|hapitas|Android|https://hapitas.jp/item/detail/itemid/101355
2026-09-08T23:25:30.647330Z,キングショット,hapitas,iOS,16320,キングショット|hapitas|iOS|https://hapitas.jp/item/detail/itemid/101354
2026-09-08T23:25:30.647330Z,キングショット,moppy,Android,18523,キングショット|moppy|Android|https://pc.moppy.jp/ad/detail.php?site_id=161855
2026-09-08T23:25:30.647330Z,キングショット,moppy,iOS,18523,キングショット|moppy|iOS|https://pc.moppy.jp/ad/detail.php?site_id=161854
2026-09-08T23:25:30.647330Z,キングショット,warau,Android,16000,キングショット|warau|Android|https://www.warau.jp/contents/point/pointEntrance.php?point_id=204984
2026-09-08T23:25:30.647330Z,キングショット,warau,iOS,16000,キングショット|warau|iOS|https://www.warau.jp/contents/point/pointEntrance.php?point_id=204983
2026-09-08T23:25:30.647330Z,パズル＆サバイバル,hapitas,Android,30612,パズル＆サバイバル|hapitas|Android|https://hapitas.jp/item/detail/itemid/99158
2026-09-08T23:25:30.647330Z,パズル＆サバイバル,hapitas,iOS,35015,パズル＆サバイバル|hapitas|iOS|https://hapitas.jp/item/detail/itemid/98148
2026-09-08T23:25:30.647330Z,パズル＆サバイバル,moppy,Android,39734,パズル＆サバイバル|moppy|Android|https://pc.moppy.jp/ad/detail.php?site_id=160367
2026-09-08T23:25:30.647330Z,パズル＆サバイバル,moppy,iOS,39740,パズル＆サバイバル|moppy|iOS|https://pc.moppy.jp/ad/detail.php?site_id=160366
2026-09-08T23:25:30.647330Z,パズル＆サバイバル,warau,Android,29500,パズル＆サバイバル|warau|Android|https://www.warau.jp/contents/point/pointEntrance.php?point_id=205557
2026-09-08T23:25:30.647330Z,パズル＆サバイバル,warau,iOS,15230,パズル＆サバイバル|warau|iOS|https://www.warau.jp/contents/point/pointEntrance.php?point_id=205361
2026-09-08T23:25:30.647330Z,ホワイトアウト・サバイバル,moppy,Android,6119,ホワイトアウト・サバイバル|moppy|Android|https://pc.moppy.jp/ad/detail.php?site_id=160375
2026-09-08T23:25:30.647330Z,ホワイトアウト・サバイバル,warau,Android,11500,ホワイトアウト・サバイバル|warau|Android|https://www.warau.jp/contents/point/pointEntrance.php?point_id=201872
2026-09-08T23:25:30.647330Z,ホワイトアウト・サバイバル,warau,iOS,11500,ホワイトアウト・サバイバル|warau|iOS|https://www.warau.jp/contents/point/pointEntrance.php?point_id=201862
2026-09-08T23:25:30.647330Z,メメントモリ,hapitas,Android,4815,メメントモリ|hapitas|Android|https://hapitas.jp/item/detail/itemid/99421
2026-09-08T23:25:30.647330Z,メメントモリ,hapitas,iOS,4815,メメントモリ|hapitas|iOS|https://hapitas.jp/item/detail/itemid/99420
2026-09-08T23:25:30.647330Z,メメントモリ,warau,Android,11500,メメントモリ|warau|Android|https://www.warau.jp/contents/point/pointEntrance.php?point_id=205982
2026-09-08T23:25:30.647330Z,メメントモリ,warau,iOS,11500,メメントモリ|warau|iOS|https://www.warau.jp/contents/point/pointEntrance.php?point_id=206037
2026-09-08T23:25:30.647330Z,ワーキングヒーロー,hapitas,Android,11502,ワーキングヒーロー|hapitas|Android|https://hapitas.jp/item/detail/itemid/101445
2026-09-08T23:25:30.647330Z,ワーキングヒーロー,hapitas,iOS,11502,ワーキングヒーロー|hapitas|iOS|https://hapitas.jp/item/detail/itemid/101444
2026-09-08T23:25:30.647330Z,放置少女,hapitas,Android,1501,放置少女|hapitas|Android|https://hapitas.jp/item/detail/itemid/91475
2026-09-08T23:25:30.647330Z,放置少女,moppy,不明,2400,放置少女|moppy|不明|https://pc.moppy.jp/ad/detail.php?site_id=147270
2026-09-08T23:25:30.647330Z,放置少女,warau,Android,1600,放置少女|warau|Android|https://www.warau.jp/contents/point/pointEntrance.php?point_id=177971
2026-09-08T23:25:30.647330Z,放置少女,warau,iOS,2000,放置少女|warau|iOS|https://www.warau.jp/contents/point/pointEntrance.php?point_id=206411
2026-09-08T23:25:30.647330Z,東京ディバンカー,hapitas,Android,147,東京ディバンカー|hapitas|Android|https://hapitas.jp/item/detail/itemid/91334
2026-09-08T23:25:30.647330Z,東京ディバンカー,hapitas,iOS,147,東京ディバンカー|hapitas|iOS|https://hapitas.jp/item/detail/itemid/91316
2026-09-08T23:25:30.647330Z,東京ディバンカー,moppy,不明,228,東京ディバンカー|moppy|不明|https://pc.moppy.jp/ad/detail.php?site_id=158270
2026-09-09T09:52:00+09:00,エバーテイル,hapitas,Android,140,エバーテイル|hapitas|Android|https://hapitas.jp/item/detail/itemid/91343
2026-09-09T10:02:00+09:00,メメントモリ,warau,iOS,12050,メメントモリ|warau|iOS|https://www.warau.jp/contents/point/pointEntrance.php?point_id=206035
2026-09-09T10:02:00+09:00,メメントモリ,warau,Android,12050,メメントモリ|warau|Android|https://www.warau.jp/contents/point/pointEntrance.php?point_id=205975
2026-09-09T10:08:00+09:00,東京ディバンカー,warau,iOS,210,東京ディバンカー|warau|iOS|https://www.warau.jp/contents/point/pointEntrance.php?point_id=191400
2026-09-09T10:08:00+09:00,東京ディバンカー,warau,Android,210,東京ディバンカー|warau|Android|https://www.warau.jp/contents/point/pointEntrance.php?point_id=191401
2026-09-09T10:53:00+09:00,ワーキングヒーロー,hapitas,Android,11502,ワーキングヒーロー|hapitas|Android|https://hapitas.jp/item/detail/itemid/101445
2026-09-09T10:53:00+09:00,ワーキングヒーロー,hapitas,iOS,11502,ワーキングヒーロー|hapitas|iOS|https://hapitas.jp/item/detail/itemid/101444
2026-09-09T17:23:47.986128Z,Township,chobirich,Android,31030,Township|chobirich|Android|https://www.chobirich.com/ad_details/1894712
2026-09-09T17:23:47.986128Z,Township,warau,Android,21670,Township|warau|Android|https://www.warau.jp/contents/point/pointEntrance.php?point_id=204645
2026-09-09T17:23:47.986128Z,Township,warau,iOS,16760,Township|warau|iOS|https://www.warau.jp/contents/point/pointEntrance.php?point_id=204643
2026-09-09T17:23:47.986128Z,きのこ伝説,chobirich,Android,17880,きのこ伝説|chobirich|Android|https://www.chobirich.com/ad_details/1896200
2026-09-09T17:23:47.986128Z,きのこ伝説,hapitas,Android,14792,きのこ伝説|hapitas|Android|https://hapitas.jp/item/detail/itemid/102451
2026-09-09T17:23:47.986128Z,きのこ伝説,hapitas,iOS,18142,きのこ伝説|hapitas|iOS|https://hapitas.jp/item/detail/itemid/102450
2026-09-09T17:23:47.986128Z,きのこ伝説,warau,Android,18800,きのこ伝説|warau|Android|https://www.warau.jp/contents/point/pointEntrance.php?point_id=205817
2026-09-09T17:23:47.986128Z,きのこ伝説,warau,iOS,22000,きのこ伝説|warau|iOS|https://www.warau.jp/contents/point/pointEntrance.php?point_id=205816
2026-09-09T17:23:47.986128Z,エバーテイル,hapitas,Android,182,エバーテイル|hapitas|Android|https://hapitas.jp/item/detail/itemid/91331
2026-09-09T17:23:47.986128Z,エバーテイル,hapitas,iOS,182,エバーテイル|hapitas|iOS|https://hapitas.jp/item/detail/itemid/91345
2026-09-09T17:23:47.986128Z,エバーテイル,moppy,不明,360,エバーテイル|moppy|不明|https://pc.moppy.jp/ad/detail.php?site_id=158276
2026-09-09T17:23:47.986128Z,エバーテイル,warau,iOS,310,エバーテイル|warau|iOS|https://www.warau.jp/contents/point/pointEntrance.php?point_id=188016
2026-09-09T17:23:47.986128Z,キングショット,hapitas,Android,16320,キングショット|hapitas|Android|https://hapitas.jp/item/detail/itemid/101355
2026-09-09T17:23:47.986128Z,キングショット,hapitas,iOS,16320,キングショット|hapitas|iOS|https://hapitas.jp/item/detail/itemid/101354
2026-09-09T17:23:47.986128Z,キングショット,moppy,Android,18523,キングショット|moppy|Android|https://pc.moppy.jp/ad/detail.php?site_id=161855
2026-09-09T17:23:47.986128Z,キングショット,moppy,iOS,18523,キングショット|moppy|iOS|https://pc.moppy.jp/ad/detail.php?site_id=161854
2026-09-09T17:23:47.986128Z,キングショット,warau,Android,16000,キングショット|warau|Android|https://www.warau.jp/contents/point/pointEntrance.php?point_id=204984
2026-09-09T17:23:47.986128Z,キングショット,warau,iOS,16000,キングショット|warau|iOS|https://www.warau.jp/contents/point/pointEntrance.php?point_id=204983
2026-09-09T17:23:47.986128Z,パズル＆サバイバル,hapitas,Android,30612,パズル＆サバイバル|hapitas|Android|https://hapitas.jp/item/detail/itemid/99158
2026-09-09T17:23:47.986128Z,パズル＆サバイバル,hapitas,iOS,35015,パズル＆サバイバル|hapitas|iOS|https://hapitas.jp/item/detail/itemid/98148
2026-09-09T17:23:47.986128Z,パズル＆サバイバル,moppy,Android,39734,パズル＆サバイバル|moppy|Android|https://pc.moppy.jp/ad/detail.php?site_id=160367
2026-09-09T17:23:47.986128Z,パズル＆サバイバル,moppy,iOS,39740,パズル＆サバイバル|moppy|iOS|https://pc.moppy.jp/ad/detail.php?site_id=160366
2026-09-09T17:23:47.986128Z,パズル＆サバイバル,warau,Android,29500,パズル＆サバイバル|warau|Android|https://www.warau.jp/contents/point/pointEntrance.php?point_id=205557
2026-09-09T17:23:47.986128Z,パズル＆サバイバル,warau,iOS,15230,パズル＆サバイバル|warau|iOS|https://www.warau.jp/contents/point/pointEntrance.php?point_id=205361
2026-09-09T17:23:47.986128Z,ホワイトアウト・サバイバル,moppy,Android,6119,ホワイトアウト・サバイバル|moppy|Android|https://pc.moppy.jp/ad/detail.php?site_id=160375
2026-09-09T17:23:47.986128Z,ホワイトアウト・サバイバル,warau,iOS,11500,ホワイトアウト・サバイバル|warau|iOS|https://www.warau.jp/contents/point/pointEntrance.php?point_id=201862
2026-09-09T17:23:47.986128Z,メメントモリ,hapitas,Android,4815,メメントモリ|hapitas|Android|https://hapitas.jp/item/detail/itemid/99421
2026-09-09T17:23:47.986128Z,メメントモリ,hapitas,iOS,4815,メメントモリ|hapitas|iOS|https://hapitas.jp/item/detail/itemid/99420
2026-09-09T17:23:47.986128Z,メメントモリ,warau,Android,12050,メメントモリ|warau|Android|https://www.warau.jp/contents/point/pointEntrance.php?point_id=205975
2026-09-09T17:23:47.986128Z,メメントモリ,warau,iOS,12050,メメントモリ|warau|iOS|https://www.warau.jp/contents/point/pointEntrance.php?point_id=206035
2026-09-09T17:23:47.986128Z,ワーキングヒーロー,hapitas,Android,11502,ワーキングヒーロー|hapitas|Android|https://hapitas.jp/item/detail/itemid/101445
2026-09-09T17:23:47.986128Z,ワーキングヒーロー,hapitas,iOS,11502,ワーキングヒーロー|hapitas|iOS|https://hapitas.jp/item/detail/itemid/101444
2026-09-09T17:23:47.986128Z,放置少女,hapitas,Android,1501,放置少女|hapitas|Android|https://hapitas.jp/item/detail/itemid/91475
2026-09-09T17:23:47.986128Z,放置少女,moppy,不明,2400,放置少女|moppy|不明|https://pc.moppy.jp/ad/detail.php?site_id=147270
2026-09-09T17:23:47.986128Z,放置少女,warau,Android,1600,放置少女|warau|Android|https://www.warau.jp/contents/point/pointEntrance.php?point_id=177971
2026-09-09T17:23:47.986128Z,放置少女,warau,iOS,2000,放置少女|warau|iOS|https://www.warau.jp/contents/point/pointEntrance.php?point_id=206411
2026-09-09T17:23:47.986128Z,東京ディバンカー,hapitas,Android,147,東京ディバンカー|hapitas|Android|https://hapitas.jp/item/detail/itemid/91334
2026-09-09T17:23:47.986128Z,東京ディバンカー,hapitas,iOS,147,東京ディバンカー|hapitas|iOS|https://hapitas.jp/item/detail/itemid/91316
2026-09-09T17:23:47.986128Z,東京ディバンカー,moppy,不明,228,東京ディバンカー|moppy|不明|https://pc.moppy.jp/ad/detail.php?site_id=158270
2026-09-09T17:23:47.986128Z,東京ディバンカー,warau,Android,210,東京ディバンカー|warau|Android|https://www.warau.jp/contents/point/pointEntrance.php?point_id=191401
2026-09-09T17:23:47.986128Z,東京ディバンカー,warau,iOS,210,東京ディバンカー|warau|iOS|https://www.warau.jp/contents/point/pointEntrance.php?point_id=191400
2026-09-17T19:59:44.878782Z,Township,chobirich,Android,31030,Township|chobirich|Android|https://www.chobirich.com/ad_details/1894712
2026-09-17T19:59:44.878782Z,Township,warau,Android,21670,Township|warau|Android|https://www.warau.jp/contents/point/pointEntrance.php?point_id=204645
2026-09-17T19:59:44.878782Z,Township,warau,iOS,16760,Township|warau|iOS|https://www.warau.jp/contents/point/pointEntrance.php?point_id=204643
2026-09-17T19:59:44.878782Z,きのこ伝説,chobirich,Android,17880,きのこ伝説|chobirich|Android|https://www.chobirich.com/ad_details/1896200
2026-09-17T19:59:44.878782Z,きのこ伝説,hapitas,Android,14792,きのこ伝説|hapitas|Android|https://hapitas.jp/item/detail/itemid/102451
2026-09-17T19:59:44.878782Z,きのこ伝説,hapitas,iOS,18142,きのこ伝説|hapitas|iOS|https://hapitas.jp/item/detail/itemid/102450
2026-09-17T19:59:44.878782Z,きのこ伝説,warau,Android,18800,きのこ伝説|warau|Android|https://www.warau.jp/contents/point/pointEntrance.php?point_id=205817
2026-09-17T19:59:44.878782Z,きのこ伝説,warau,iOS,22000,きのこ伝説|warau|iOS|https://www.warau.jp/contents/point/pointEntrance.php?point_id=205816
2026-09-17T19:59:44.878782Z,エバーテイル,hapitas,Android,2100,エバーテイル|hapitas|Android|https://hapitas.jp/item/detail/itemid/91343
2026-09-17T19:59:44.878782Z,エバーテイル,hapitas,iOS,2100,エバーテイル|hapitas|iOS|https://hapitas.jp/item/detail/itemid/91344
2026-09-17T19:59:44.878782Z,エバーテイル,moppy,不明,360,エバーテイル|moppy|不明|https://pc.moppy.jp/ad/detail.php?site_id=158276
2026-09-17T19:59:44.878782Z,エバーテイル,warau,iOS,310,エバーテイル|warau|iOS|https://www.warau.jp/contents/point/pointEntrance.php?point_id=188016
2026-09-17T19:59:44.878782Z,キングショット,hapitas,Android,16320,キングショット|hapitas|Android|https://hapitas.jp/item/detail/itemid/101355
2026-09-17T19:59:44.878782Z,キングショット,hapitas,iOS,16320,キングショット|hapitas|iOS|https://hapitas.jp/item/detail/itemid/101354
2026-09-17T19:59:44.878782Z,キングショット,moppy,Android,18523,キングショット|moppy|Android|https://pc.moppy.jp/ad/detail.php?site_id=161855
2026-09-17T19:59:44.878782Z,キングショット,moppy,iOS,18523,キングショット|moppy|iOS|https://pc.moppy.jp/ad/detail.php?site_id=161854
2026-09-17T19:59:44.878782Z,キングショット,warau,Android,16000,キングショット|warau|Android|https://www.warau.jp/contents/point/pointEntrance.php?point_id=204984
2026-09-17T19:59:44.878782Z,キングショット,warau,iOS,16000,キングショット|warau|iOS|https://www.warau.jp/contents/point/pointEntrance.php?point_id=204983
2026-09-17T19:59:44.878782Z,パズル＆サバイバル,hapitas,Android,30612,パズル＆サバイバル|hapitas|Android|https://hapitas.jp/item/detail/itemid/99158
2026-09-17T19:59:44.878782Z,パズル＆サバイバル,hapitas,iOS,35015,パズル＆サバイバル|hapitas|iOS|https://hapitas.jp/item/detail/itemid/98148
2026-09-17T19:59:44.878782Z,パズル＆サバイバル,moppy,Android,39734,パズル＆サバイバル|moppy|Android|https://pc.moppy.jp/ad/detail.php?site_id=160367
2026-09-17T19:59:44.878782Z,パズル＆サバイバル,moppy,iOS,39740,パズル＆サバイバル|moppy|iOS|https://pc.moppy.jp/ad/detail.php?site_id=160366
2026-09-17T19:59:44.878782Z,パズル＆サバイバル,warau,Android,29500,パズル＆サバイバル|warau|Android|https://www.warau.jp/contents/point/pointEntrance.php?point_id=205557
2026-09-17T19:59:44.878782Z,パズル＆サバイバル,warau,iOS,15230,パズル＆サバイバル|warau|iOS|https://www.warau.jp/contents/point/pointEntrance.php?point_id=205361
2026-09-17T19:59:44.878782Z,ホワイトアウト・サバイバル,moppy,Android,6119,ホワイトアウト・サバイバル|moppy|Android|https://pc.moppy.jp/ad/detail.php?site_id=160375
2026-09-17T19:59:44.878782Z,ホワイトアウト・サバイバル,warau,iOS,11500,ホワイトアウト・サバイバル|warau|iOS|https://www.warau.jp/contents/point/pointEntrance.php?point_id=201862
2026-09-17T19:59:44.878782Z,メメントモリ,hapitas,Android,4815,メメントモリ|hapitas|Android|https://hapitas.jp/item/detail/itemid/99421
2026-09-17T19:59:44.878782Z,メメントモリ,hapitas,iOS,4815,メメントモリ|hapitas|iOS|https://hapitas.jp/item/detail/itemid/99420
2026-09-17T19:59:44.878782Z,メメントモリ,warau,Android,12050,メメントモリ|warau|Android|https://www.warau.jp/contents/point/pointEntrance.php?point_id=205975
2026-09-17T19:59:44.878782Z,メメントモリ,warau,iOS,12050,メメントモリ|warau|iOS|https://www.warau.jp/contents/point/pointEntrance.php?point_id=206035
2026-09-17T19:59:44.878782Z,ワーキングヒーロー,hapitas,Android,11502,ワーキングヒーロー|hapitas|Android|https://hapitas.jp/item/detail/itemid/101445
2026-09-17T19:59:44.878782Z,ワーキングヒーロー,hapitas,iOS,11502,ワーキングヒーロー|hapitas|iOS|https://hapitas.jp/item/detail/itemid/101444
2026-09-17T19:59:44.878782Z,放置少女,hapitas,Android,1501,放置少女|hapitas|Android|https://hapitas.jp/item/detail/itemid/91475
2026-09-17T19:59:44.878782Z,放置少女,moppy,不明,2400,放置少女|moppy|不明|https://pc.moppy.jp/ad/detail.php?site_id=147270
2026-09-17T19:59:44.878782Z,放置少女,warau,Android,1600,放置少女|warau|Android|https://www.warau.jp/contents/point/pointEntrance.php?point_id=177971
2026-09-17T19:59:44.878782Z,放置少女,warau,iOS,2000,放置少女|warau|iOS|https://www.warau.jp/contents/point/pointEntrance.php?point_id=206411
2026-09-17T19:59:44.878782Z,東京ディバンカー,hapitas,Android,147,東京ディバンカー|hapitas|Android|https://hapitas.jp/item/detail/itemid/91334
2026-09-17T19:59:44.878782Z,東京ディバンカー,hapitas,iOS,147,東京ディバンカー|hapitas|iOS|https://hapitas.jp/item/detail/itemid/91316
2026-09-17T19:59:44.878782Z,東京ディバンカー,moppy,不明,228,東京ディバンカー|moppy|不明|https://pc.moppy.jp/ad/detail.php?site_id=158270
2026-09-17T19:59:44.878782Z,東京ディバンカー,warau,Android,210,東京ディバンカー|warau|Android|https://www.warau.jp/contents/point/pointEntrance.php?point_id=191401
2026-09-17T19:59:44.878782Z,東京ディバンカー,warau,iOS,210,東京ディバンカー|warau|iOS|https://www.warau.jp/contents/point/pointEntrance.php?point_id=191400
2026-09-18T19:19:23.570435Z,Township,chobirich,Android,31030,Township|chobirich|Android|https://www.chobirich.com/ad_details/1894712
2026-09-18T19:19:23.570435Z,Township,warau,Android,21670,Township|warau|Android|https://www.warau.jp/contents/point/pointEntrance.php?point_id=204645
2026-09-18T19:19:23.570435Z,Township,warau,iOS,16760,Township|warau|iOS|https://www.warau.jp/contents/point/pointEntrance.php?point_id=204643
2026-09-18T19:19:23.570435Z,きのこ伝説,chobirich,Android,17880,きのこ伝説|chobirich|Android|https://www.chobirich.com/ad_details/1896200
2026-09-18T19:19:23.570435Z,きのこ伝説,hapitas,Android,14792,きのこ伝説|hapitas|Android|https://hapitas.jp/item/detail/itemid/102451
2026-09-18T19:19:23.570435Z,きのこ伝説,hapitas,iOS,18142,きのこ伝説|hapitas|iOS|https://hapitas.jp/item/detail/itemid/102450
2026-09-18T19:19:23.570435Z,きのこ伝説,warau,Android,18800,きのこ伝説|warau|Android|https://www.warau.jp/contents/point/pointEntrance.php?point_id=205817
2026-09-18T19:19:23.570435Z,きのこ伝説,warau,iOS,22000,きのこ伝説|warau|iOS|https://www.warau.jp/contents/point/pointEntrance.php?point_id=205816
2026-09-18T19:19:23.570435Z,エバーテイル,hapitas,Android,10000,エバーテイル|hapitas|Android|https://hapitas.jp/item/detail/itemid/91343
2026-09-18T19:19:23.570435Z,エバーテイル,hapitas,iOS,10000,エバーテイル|hapitas|iOS|https://hapitas.jp/item/detail/itemid/91344
2026-09-18T19:19:23.570435Z,エバーテイル,moppy,不明,360,エバーテイル|moppy|不明|https://pc.moppy.jp/ad/detail.php?site_id=158276
2026-09-18T19:19:23.570435Z,エバーテイル,warau,iOS,310,エバーテイル|warau|iOS|https://www.warau.jp/contents/point/pointEntrance.php?point_id=188016
2026-09-18T19:19:23.570435Z,キングショット,hapitas,Android,16320,キングショット|hapitas|Android|https://hapitas.jp/item/detail/itemid/101355
2026-09-18T19:19:23.570435Z,キングショット,hapitas,iOS,16320,キングショット|hapitas|iOS|https://hapitas.jp/item/detail/itemid/101354
2026-09-18T19:19:23.570435Z,キングショット,moppy,Android,18523,キングショット|moppy|Android|https://pc.moppy.jp/ad/detail.php?site_id=161855
2026-09-18T19:19:23.570435Z,キングショット,moppy,iOS,18523,キングショット|moppy|iOS|https://pc.moppy.jp/ad/detail.php?site_id=161854
2026-09-18T19:19:23.570435Z,キングショット,warau,Android,16000,キングショット|warau|Android|https://www.warau.jp/contents/point/pointEntrance.php?point_id=204984
2026-09-18T19:19:23.570435Z,キングショット,warau,iOS,16000,キングショット|warau|iOS|https://www.warau.jp/contents/point/pointEntrance.php?point_id=204983
2026-09-18T19:19:23.570435Z,パズル＆サバイバル,hapitas,Android,30612,パズル＆サバイバル|hapitas|Android|https://hapitas.jp/item/detail/itemid/99158
2026-09-18T19:19:23.570435Z,パズル＆サバイバル,hapitas,iOS,35015,パズル＆サバイバル|hapitas|iOS|https://hapitas.jp/item/detail/itemid/98148
2026-09-18T19:19:23.570435Z,パズル＆サバイバル,moppy,Android,39734,パズル＆サバイバル|moppy|Android|https://pc.moppy.jp/ad/detail.php?site_id=160367
2026-09-18T19:19:23.570435Z,パズル＆サバイバル,moppy,iOS,39740,パズル＆サバイバル|moppy|iOS|https://pc.moppy.jp/ad/detail.php?site_id=160366
2026-09-18T19:19:23.570435Z,パズル＆サバイバル,warau,Android,29500,パズル＆サバイバル|warau|Android|https://www.warau.jp/contents/point/pointEntrance.php?point_id=205557
2026-09-18T19:19:23.570435Z,パズル＆サバイバル,warau,iOS,15230,パズル＆サバイバル|warau|iOS|https://www.warau.jp/contents/point/pointEntrance.php?point_id=205361
2026-09-18T19:19:23.570435Z,ホワイトアウト・サバイバル,moppy,Android,6119,ホワイトアウト・サバイバル|moppy|Android|https://pc.moppy.jp/ad/detail.php?site_id=160375
2026-09-18T19:19:23.570435Z,ホワイトアウト・サバイバル,warau,iOS,11500,ホワイトアウト・サバイバル|warau|iOS|https://www.warau.jp/contents/point/pointEntrance.php?point_id=201862
2026-09-18T19:19:23.570435Z,メメントモリ,hapitas,Android,4815,メメントモリ|hapitas|Android|https://hapitas.jp/item/detail/itemid/99421
2026-09-18T19:19:23.570435Z,メメントモリ,hapitas,iOS,4815,メメントモリ|hapitas|iOS|https://hapitas.jp/item/detail/itemid/99420
2026-09-18T19:19:23.570435Z,メメントモリ,warau,Android,12050,メメントモリ|warau|Android|https://www.warau.jp/contents/point/pointEntrance.php?point_id=205975
2026-09-18T19:19:23.570435Z,メメントモリ,warau,iOS,12050,メメントモリ|warau|iOS|https://www.warau.jp/contents/point/pointEntrance.php?point_id=206035
2026-09-18T19:19:23.570435Z,ワーキングヒーロー,hapitas,Android,11502,ワーキングヒーロー|hapitas|Android|https://hapitas.jp/item/detail/itemid/101445
2026-09-18T19:19:23.570435Z,ワーキングヒーロー,hapitas,iOS,11502,ワーキングヒーロー|hapitas|iOS|https://hapitas.jp/item/detail/itemid/101444
2026-09-18T19:19:23.570435Z,放置少女,hapitas,Android,1501,放置少女|hapitas|Android|https://hapitas.jp/item/detail/itemid/91475
2026-09-18T19:19:23.570435Z,放置少女,moppy,不明,2400,放置少女|moppy|不明|https://pc.moppy.jp/ad/detail.php?site_id=147270
2026-09-18T19:19:23.570435Z,放置少女,warau,Android,1600,放置少女|warau|Android|https://www.warau.jp/contents/point/pointEntrance.php?point_id=177971
2026-09-18T19:19:23.570435Z,放置少女,warau,iOS,2000,放置少女|warau|iOS|https://www.warau.jp/contents/point/pointEntrance.php?point_id=206411
2026-09-18T19:19:23.570435Z,東京ディバンカー,hapitas,Android,147,東京ディバンカー|hapitas|Android|https://hapitas.jp/item/detail/itemid/91334
2026-09-18T19:19:23.570435Z,東京ディバンカー,hapitas,iOS,147,東京ディバンカー|hapitas|iOS|https://hapitas.jp/item/detail/itemid/91316
2026-09-18T19:19:23.570435Z,東京ディバンカー,moppy,不明,228,東京ディバンカー|moppy|不明|https://pc.moppy.jp/ad/detail.php?site_id=158270
2026-09-18T19:19:23.570435Z,東京ディバンカー,warau,Android,210,東京ディバンカー|warau|Android|https://www.warau.jp/contents/point/pointEntrance.php?point_id=191401
2026-09-18T19:19:23.570435Z,東京ディバンカー,warau,iOS,210,東京ディバンカー|warau|iOS|https://www.warau.jp/contents/point/pointEntrance.php?point_id=191400
2026-09-19T18:52:53.319740Z,Township,chobirich,Android,31030,Township|chobirich|Android|https://www.chobirich.com/ad_details/1894712
2026-09-19T18:52:53.319740Z,Township,warau,Android,21670,Township|warau|Android|https://www.warau.jp/contents/point/pointEntrance.php?point_id=204645
2026-09-19T18:52:53.319740Z,Township,warau,iOS,16760,Township|warau|iOS|https://www.warau.jp/contents/point/pointEntrance.php?point_id=204643
2026-09-19T18:52:53.319740Z,きのこ伝説,chobirich,Android,17880,きのこ伝説|chobirich|Android|https://www.chobirich.com/ad_details/1896200
2026-09-19T18:52:53.319740Z,きのこ伝説,hapitas,Android,14792,きのこ伝説|hapitas|Android|https://hapitas.jp/item/detail/itemid/102451
2026-09-19T18:52:53.319740Z,きのこ伝説,hapitas,iOS,18142,きのこ伝説|hapitas|iOS|https://hapitas.jp/item/detail/itemid/102450
2026-09-19T18:52:53.319740Z,きのこ伝説,warau,Android,18800,きのこ伝説|warau|Android|https://www.warau.jp/contents/point/pointEntrance.php?point_id=205817
2026-09-19T18:52:53.319740Z,きのこ伝説,warau,iOS,22000,きのこ伝説|warau|iOS|https://www.warau.jp/contents/point/pointEntrance.php?point_id=205816
2026-09-19T18:52:53.319740Z,エバーテイル,hapitas,Android,182,エバーテイル|hapitas|Android|https://hapitas.jp/item/detail/itemid/91331
2026-09-19T18:52:53.319740Z,エバーテイル,hapitas,iOS,182,エバーテイル|hapitas|iOS|https://hapitas.jp/item/detail/itemid/91345
2026-09-19T18:52:53.319740Z,エバーテイル,moppy,不明,360,エバーテイル|moppy|不明|https://pc.moppy.jp/ad/detail.php?site_id=158276
2026-09-19T18:52:53.319740Z,エバーテイル,warau,iOS,310,エバーテイル|warau|iOS|https://www.warau.jp/contents/point/pointEntrance.php?point_id=188016
2026-09-19T18:52:53.319740Z,キングショット,hapitas,Android,16320,キングショット|hapitas|Android|https://hapitas.jp/item/detail/itemid/101355
2026-09-19T18:52:53.319740Z,キングショット,hapitas,iOS,16320,キングショット|hapitas|iOS|https://hapitas.jp/item/detail/itemid/101354
2026-09-19T18:52:53.319740Z,キングショット,moppy,Android,18523,キングショット|moppy|Android|https://pc.moppy.jp/ad/detail.php?site_id=161855
2026-09-19T18:52:53.319740Z,キングショット,moppy,iOS,18523,キングショット|moppy|iOS|https://pc.moppy.jp/ad/detail.php?site_id=161854
2026-09-19T18:52:53.319740Z,キングショット,warau,Android,16000,キングショット|warau|Android|https://www.warau.jp/contents/point/pointEntrance.php?point_id=204984
2026-09-19T18:52:53.319740Z,キングショット,warau,iOS,16000,キングショット|warau|iOS|https://www.warau.jp/contents/point/pointEntrance.php?point_id=204983
2026-09-19T18:52:53.319740Z,パズル＆サバイバル,hapitas,Android,30612,パズル＆サバイバル|hapitas|Android|https://hapitas.jp/item/detail/itemid/99158
2026-09-19T18:52:53.319740Z,パズル＆サバイバル,hapitas,iOS,35015,パズル＆サバイバル|hapitas|iOS|https://hapitas.jp/item/detail/itemid/98148
2026-09-19T18:52:53.319740Z,パズル＆サバイバル,moppy,Android,39734,パズル＆サバイバル|moppy|Android|https://pc.moppy.jp/ad/detail.php?site_id=160367
2026-09-19T18:52:53.319740Z,パズル＆サバイバル,moppy,iOS,39740,パズル＆サバイバル|moppy|iOS|https://pc.moppy.jp/ad/detail.php?site_id=160366
2026-09-19T18:52:53.319740Z,パズル＆サバイバル,warau,Android,29500,パズル＆サバイバル|warau|Android|https://www.warau.jp/contents/point/pointEntrance.php?point_id=205557
2026-09-19T18:52:53.319740Z,パズル＆サバイバル,warau,iOS,15230,パズル＆サバイバル|warau|iOS|https://www.warau.jp/contents/point/pointEntrance.php?point_id=205361
2026-09-19T18:52:53.319740Z,ホワイトアウト・サバイバル,moppy,Android,6119,ホワイトアウト・サバイバル|moppy|Android|https://pc.moppy.jp/ad/detail.php?site_id=160375
2026-09-19T18:52:53.319740Z,ホワイトアウト・サバイバル,warau,iOS,11500,ホワイトアウト・サバイバル|warau|iOS|https://www.warau.jp/contents/point/pointEntrance.php?point_id=201862
2026-09-19T18:52:53.319740Z,メメントモリ,hapitas,Android,4815,メメントモリ|hapitas|Android|https://hapitas.jp/item/detail/itemid/99421
2026-09-19T18:52:53.319740Z,メメントモリ,hapitas,iOS,4815,メメントモリ|hapitas|iOS|https://hapitas.jp/item/detail/itemid/99420
2026-09-19T18:52:53.319740Z,メメントモリ,warau,Android,12050,メメントモリ|warau|Android|https://www.warau.jp/contents/point/pointEntrance.php?point_id=205975
2026-09-19T18:52:53.319740Z,メメントモリ,warau,iOS,12050,メメントモリ|warau|iOS|https://www.warau.jp/contents/point/pointEntrance.php?point_id=206035
2026-09-19T18:52:53.319740Z,ワーキングヒーロー,hapitas,Android,11502,ワーキングヒーロー|hapitas|Android|https://hapitas.jp/item/detail/itemid/101445
2026-09-19T18:52:53.319740Z,ワーキングヒーロー,hapitas,iOS,11502,ワーキングヒーロー|hapitas|iOS|https://hapitas.jp/item/detail/itemid/101444
2026-09-19T18:52:53.319740Z,放置少女,hapitas,Android,1501,放置少女|hapitas|Android|https://hapitas.jp/item/detail/itemid/91475
2026-09-19T18:52:53.319740Z,放置少女,moppy,不明,2400,放置少女|moppy|不明|https://pc.moppy.jp/ad/detail.php?site_id=147270
2026-09-19T18:52:53.319740Z,放置少女,warau,Android,1600,放置少女|warau|Android|https://www.warau.jp/contents/point/pointEntrance.php?point_id=177971
2026-09-19T18:52:53.319740Z,放置少女,warau,iOS,2000,放置少女|warau|iOS|https://www.warau.jp/contents/point/pointEntrance.php?point_id=206411
2026-09-19T18:52:53.319740Z,東京ディバンカー,hapitas,Android,147,東京ディバンカー|hapitas|Android|https://hapitas.jp/item/detail/itemid/91334
2026-09-19T18:52:53.319740Z,東京ディバンカー,hapitas,iOS,147,東京ディバンカー|hapitas|iOS|https://hapitas.jp/item/detail/itemid/91316
2026-09-19T18:52:53.319740Z,東京ディバンカー,moppy,不明,228,東京ディバンカー|moppy|不明|https://pc.moppy.jp/ad/detail.php?site_id=158270
2026-09-19T18:52:53.319740Z,東京ディバンカー,warau,Android,210,東京ディバンカー|warau|Android|https://www.warau.jp/contents/point/pointEntrance.php?point_id=191401
2026-09-19T18:52:53.319740Z,東京ディバンカー,warau,iOS,210,東京ディバンカー|warau|iOS|https://www.warau.jp/contents/point/pointEntrance.php?point_id=191400
2026-09-20T19:10:37.876831Z,Township,chobirich,Android,31030,Township|chobirich|Android|https://www.chobirich.com/ad_details/1894712
2026-09-20T19:10:37.876831Z,Township,warau,Android,21670,Township|warau|Android|https://www.warau.jp/contents/point/pointEntrance.php?point_id=204645
2026-09-20T19:10:37.876831Z,Township,warau,iOS,16760,Township|warau|iOS|https://www.warau.jp/contents/point/pointEntrance.php?point_id=204643
2026-09-20T19:10:37.876831Z,きのこ伝説,chobirich,Android,17880,きのこ伝説|chobirich|Android|https://www.chobirich.com/ad_details/1896200
2026-09-20T19:10:37.876831Z,きのこ伝説,hapitas,Android,14792,きのこ伝説|hapitas|Android|https://hapitas.jp/item/detail/itemid/102451
2026-09-20T19:10:37.876831Z,きのこ伝説,hapitas,iOS,18142,きのこ伝説|hapitas|iOS|https://hapitas.jp/item/detail/itemid/102450
2026-09-20T19:10:37.876831Z,きのこ伝説,warau,Android,18800,きのこ伝説|warau|Android|https://www.warau.jp/contents/point/pointEntrance.php?point_id=205817
2026-09-20T19:10:37.876831Z,きのこ伝説,warau,iOS,22000,きのこ伝説|warau|iOS|https://www.warau.jp/contents/point/pointEntrance.php?point_id=205816
2026-09-20T19:10:37.876831Z,エバーテイル,hapitas,Android,10000,エバーテイル|hapitas|Android|https://hapitas.jp/item/detail/itemid/91343
2026-09-20T19:10:37.876831Z,エバーテイル,hapitas,iOS,10000,エバーテイル|hapitas|iOS|https://hapitas.jp/item/detail/itemid/91344
2026-09-20T19:10:37.876831Z,エバーテイル,moppy,不明,360,エバーテイル|moppy|不明|https://pc.moppy.jp/ad/detail.php?site_id=158276
2026-09-20T19:10:37.876831Z,エバーテイル,warau,iOS,310,エバーテイル|warau|iOS|https://www.warau.jp/contents/point/pointEntrance.php?point_id=188016
2026-09-20T19:10:37.876831Z,キングショット,hapitas,Android,16320,キングショット|hapitas|Android|https://hapitas.jp/item/detail/itemid/101355
2026-09-20T19:10:37.876831Z,キングショット,hapitas,iOS,16320,キングショット|hapitas|iOS|https://hapitas.jp/item/detail/itemid/101354
2026-09-20T19:10:37.876831Z,キングショット,moppy,Android,18523,キングショット|moppy|Android|https://pc.moppy.jp/ad/detail.php?site_id=161855
2026-09-20T19:10:37.876831Z,キングショット,moppy,iOS,18523,キングショット|moppy|iOS|https://pc.moppy.jp/ad/detail.php?site_id=161854
2026-09-20T19:10:37.876831Z,キングショット,warau,Android,16000,キングショット|warau|Android|https://www.warau.jp/contents/point/pointEntrance.php?point_id=204984
2026-09-20T19:10:37.876831Z,キングショット,warau,iOS,16000,キングショット|warau|iOS|https://www.warau.jp/contents/point/pointEntrance.php?point_id=204983
2026-09-20T19:10:37.876831Z,パズル＆サバイバル,hapitas,Android,30612,パズル＆サバイバル|hapitas|Android|https://hapitas.jp/item/detail/itemid/99158
2026-09-20T19:10:37.876831Z,パズル＆サバイバル,hapitas,iOS,35015,パズル＆サバイバル|hapitas|iOS|https://hapitas.jp/item/detail/itemid/98148
2026-09-20T19:10:37.876831Z,パズル＆サバイバル,moppy,Android,39734,パズル＆サバイバル|moppy|Android|https://pc.moppy.jp/ad/detail.php?site_id=160367
2026-09-20T19:10:37.876831Z,パズル＆サバイバル,moppy,iOS,39740,パズル＆サバイバル|moppy|iOS|https://pc.moppy.jp/ad/detail.php?site_id=160366
2026-09-20T19:10:37.876831Z,パズル＆サバイバル,warau,Android,29500,パズル＆サバイバル|warau|Android|https://www.warau.jp/contents/point/pointEntrance.php?point_id=205557
2026-09-20T19:10:37.876831Z,パズル＆サバイバル,warau,iOS,15230,パズル＆サバイバル|warau|iOS|https://www.warau.jp/contents/point/pointEntrance.php?point_id=205361
2026-09-20T19:10:37.876831Z,ホワイトアウト・サバイバル,moppy,Android,6119,ホワイトアウト・サバイバル|moppy|Android|https://pc.moppy.jp/ad/detail.php?site_id=160375
2026-09-20T19:10:37.876831Z,ホワイトアウト・サバイバル,warau,iOS,11500,ホワイトアウト・サバイバル|warau|iOS|https://www.warau.jp/contents/point/pointEntrance.php?point_id=201862
2026-09-20T19:10:37.876831Z,メメントモリ,hapitas,Android,4815,メメントモリ|hapitas|Android|https://hapitas.jp/item/detail/itemid/99421
2026-09-20T19:10:37.876831Z,メメントモリ,hapitas,iOS,4815,メメントモリ|hapitas|iOS|https://hapitas.jp/item/detail/itemid/99420
2026-09-20T19:10:37.876831Z,メメントモリ,warau,Android,12050,メメントモリ|warau|Android|https://www.warau.jp/contents/point/pointEntrance.php?point_id=205975
2026-09-20T19:10:37.876831Z,メメントモリ,warau,iOS,12050,メメントモリ|warau|iOS|https://www.warau.jp/contents/point/pointEntrance.php?point_id=206035
2026-09-20T19:10:37.876831Z,ワーキングヒーロー,hapitas,Android,11502,ワーキングヒーロー|hapitas|Android|https://hapitas.jp/item/detail/itemid/101445
2026-09-20T19:10:37.876831Z,ワーキングヒーロー,hapitas,iOS,11502,ワーキングヒーロー|hapitas|iOS|https://hapitas.jp/item/detail/itemid/101444
2026-09-20T19:10:37.876831Z,放置少女,hapitas,Android,1501,放置少女|hapitas|Android|https://hapitas.jp/item/detail/itemid/91475
2026-09-20T19:10:37.876831Z,放置少女,moppy,不明,2400,放置少女|moppy|不明|https://pc.moppy.jp/ad/detail.php?site_id=147270
2026-09-20T19:10:37.876831Z,放置少女,warau,Android,1600,放置少女|warau|Android|https://www.warau.jp/contents/point/pointEntrance.php?point_id=177971
2026-09-20T19:10:37.876831Z,放置少女,warau,iOS,2000,放置少女|warau|iOS|https://www.warau.jp/contents/point/pointEntrance.php?point_id=206411
2026-09-20T19:10:37.876831Z,東京ディバンカー,hapitas,Android,147,東京ディバンカー|hapitas|Android|https://hapitas.jp/item/detail/itemid/91334
2026-09-20T19:10:37.876831Z,東京ディバンカー,hapitas,iOS,147,東京ディバンカー|hapitas|iOS|https://hapitas.jp/item/detail/itemid/91316
2026-09-20T19:10:37.876831Z,東京ディバンカー,moppy,不明,228,東京ディバンカー|moppy|不明|https://pc.moppy.jp/ad/detail.php?site_id=158270
2026-09-20T19:10:37.876831Z,東京ディバンカー,warau,Android,210,東京ディバンカー|warau|Android|https://www.warau.jp/contents/point/pointEntrance.php?point_id=191401
2026-09-20T19:10:37.876831Z,東京ディバンカー,warau,iOS,210,東京ディバンカー|warau|iOS|https://www.warau.jp/contents/point/pointEntrance.php?point_id=191400
2026-09-21T20:46:08.338959Z,Township,chobirich,Android,31030,Township|chobirich|Android|https://www.chobirich.com/ad_details/1894712
2026-09-21T20:46:08.338959Z,Township,warau,Android,21670,Township|warau|Android|https://www.warau.jp/contents/point/pointEntrance.php?point_id=204645
2026-09-21T20:46:08.338959Z,Township,warau,iOS,16760,Township|warau|iOS|https://www.warau.jp/contents/point/pointEntrance.php?point_id=204643
2026-09-21T20:46:08.338959Z,きのこ伝説,chobirich,Android,17880,きのこ伝説|chobirich|Android|https://www.chobirich.com/ad_details/1896200
2026-09-21T20:46:08.338959Z,きのこ伝説,hapitas,Android,14792,きのこ伝説|hapitas|Android|https://hapitas.jp/item/detail/itemid/102451
2026-09-21T20:46:08.338959Z,きのこ伝説,hapitas,iOS,18142,きのこ伝説|hapitas|iOS|https://hapitas.jp/item/detail/itemid/102450
2026-09-21T20:46:08.338959Z,きのこ伝説,warau,Android,18800,きのこ伝説|warau|Android|https://www.warau.jp/contents/point/pointEntrance.php?point_id=205817
2026-09-21T20:46:08.338959Z,きのこ伝説,warau,iOS,22000,きのこ伝説|warau|iOS|https://www.warau.jp/contents/point/pointEntrance.php?point_id=205816
2026-09-21T20:46:08.338959Z,エバーテイル,hapitas,Android,33000,エバーテイル|hapitas|Android|https://hapitas.jp/item/detail/itemid/91343
2026-09-21T20:46:08.338959Z,エバーテイル,hapitas,iOS,33000,エバーテイル|hapitas|iOS|https://hapitas.jp/item/detail/itemid/91344
2026-09-21T20:46:08.338959Z,エバーテイル,moppy,不明,360,エバーテイル|moppy|不明|https://pc.moppy.jp/ad/detail.php?site_id=158276
2026-09-21T20:46:08.338959Z,エバーテイル,warau,iOS,310,エバーテイル|warau|iOS|https://www.warau.jp/contents/point/pointEntrance.php?point_id=188016
2026-09-21T20:46:08.338959Z,キングショット,hapitas,Android,16320,キングショット|hapitas|Android|https://hapitas.jp/item/detail/itemid/101355
2026-09-21T20:46:08.338959Z,キングショット,hapitas,iOS,16320,キングショット|hapitas|iOS|https://hapitas.jp/item/detail/itemid/101354
2026-09-21T20:46:08.338959Z,キングショット,moppy,Android,18523,キングショット|moppy|Android|https://pc.moppy.jp/ad/detail.php?site_id=161855
2026-09-21T20:46:08.338959Z,キングショット,moppy,iOS,18523,キングショット|moppy|iOS|https://pc.moppy.jp/ad/detail.php?site_id=161854
2026-09-21T20:46:08.338959Z,キングショット,warau,Android,16000,キングショット|warau|Android|https://www.warau.jp/contents/point/pointEntrance.php?point_id=204984
2026-09-21T20:46:08.338959Z,キングショット,warau,iOS,16000,キングショット|warau|iOS|https://www.warau.jp/contents/point/pointEntrance.php?point_id=204983
2026-09-21T20:46:08.338959Z,パズル＆サバイバル,hapitas,Android,30612,パズル＆サバイバル|hapitas|Android|https://hapitas.jp/item/detail/itemid/99158
2026-09-21T20:46:08.338959Z,パズル＆サバイバル,hapitas,iOS,35015,パズル＆サバイバル|hapitas|iOS|https://hapitas.jp/item/detail/itemid/98148
2026-09-21T20:46:08.338959Z,パズル＆サバイバル,moppy,Android,39734,パズル＆サバイバル|moppy|Android|https://pc.moppy.jp/ad/detail.php?site_id=160367
2026-09-21T20:46:08.338959Z,パズル＆サバイバル,moppy,iOS,39740,パズル＆サバイバル|moppy|iOS|https://pc.moppy.jp/ad/detail.php?site_id=160366
2026-09-21T20:46:08.338959Z,パズル＆サバイバル,warau,Android,29500,パズル＆サバイバル|warau|Android|https://www.warau.jp/contents/point/pointEntrance.php?point_id=205557
2026-09-21T20:46:08.338959Z,パズル＆サバイバル,warau,iOS,15230,パズル＆サバイバル|warau|iOS|https://www.warau.jp/contents/point/pointEntrance.php?point_id=205361
2026-09-21T20:46:08.338959Z,ホワイトアウト・サバイバル,moppy,Android,6119,ホワイトアウト・サバイバル|moppy|Android|https://pc.moppy.jp/ad/detail.php?site_id=160375
2026-09-21T20:46:08.338959Z,ホワイトアウト・サバイバル,warau,iOS,11500,ホワイトアウト・サバイバル|warau|iOS|https://www.warau.jp/contents/point/pointEntrance.php?point_id=201862
2026-09-21T20:46:08.338959Z,メメントモリ,hapitas,Android,4815,メメントモリ|hapitas|Android|https://hapitas.jp/item/detail/itemid/99421
2026-09-21T20:46:08.338959Z,メメントモリ,hapitas,iOS,4815,メメントモリ|hapitas|iOS|https://hapitas.jp/item/detail/itemid/99420
2026-09-21T20:46:08.338959Z,メメントモリ,warau,Android,12050,メメントモリ|warau|Android|https://www.warau.jp/contents/point/pointEntrance.php?point_id=205975
2026-09-21T20:46:08.338959Z,メメントモリ,warau,iOS,12050,メメントモリ|warau|iOS|https://www.warau.jp/contents/point/pointEntrance.php?point_id=206035
2026-09-21T20:46:08.338959Z,ワーキングヒーロー,hapitas,Android,11502,ワーキングヒーロー|hapitas|Android|https://hapitas.jp/item/detail/itemid/101445
2026-09-21T20:46:08.338959Z,ワーキングヒーロー,hapitas,iOS,11502,ワーキングヒーロー|hapitas|iOS|https://hapitas.jp/item/detail/itemid/101444
2026-09-21T20:46:08.338959Z,放置少女,hapitas,Android,1501,放置少女|hapitas|Android|https://hapitas.jp/item/detail/itemid/91475
2026-09-21T20:46:08.338959Z,放置少女,moppy,不明,2400,放置少女|moppy|不明|https://pc.moppy.jp/ad/detail.php?site_id=147270
2026-09-21T20:46:08.338959Z,放置少女,warau,Android,1600,放置少女|warau|Android|https://www.warau.jp/contents/point/pointEntrance.php?point_id=177971
2026-09-21T20:46:08.338959Z,放置少女,warau,iOS,2000,放置少女|warau|iOS|https://www.warau.jp/contents/point/pointEntrance.php?point_id=206411
2026-09-21T20:46:08.338959Z,東京ディバンカー,hapitas,Android,147,東京ディバンカー|hapitas|Android|https://hapitas.jp/item/detail/itemid/91334
2026-09-21T20:46:08.338959Z,東京ディバンカー,hapitas,iOS,147,東京ディバンカー|hapitas|iOS|https://hapitas.jp/item/detail/itemid/91316
2026-09-21T20:46:08.338959Z,東京ディバンカー,moppy,不明,228,東京ディバンカー|moppy|不明|https://pc.moppy.jp/ad/detail.php?site_id=158270
2026-09-21T20:46:08.338959Z,東京ディバンカー,warau,Android,210,東京ディバンカー|warau|Android|https://www.warau.jp/contents/point/pointEntrance.php?point_id=191401
2026-09-21T20:46:08.338959Z,東京ディバンカー,warau,iOS,210,東京ディバンカー|warau|iOS|https://www.warau.jp/contents/point/pointEntrance.php?point_id=191400
2026-09-22T20:13:50.871243Z,Township,chobirich,Android,31030,Township|chobirich|Android|https://www.chobirich.com/ad_details/1894712
2026-09-22T20:13:50.871243Z,Township,warau,Android,21670,Township|warau|Android|https://www.warau.jp/contents/point/pointEntrance.php?point_id=204645
2026-09-22T20:13:50.871243Z,Township,warau,iOS,16760,Township|warau|iOS|https://www.warau.jp/contents/point/pointEntrance.php?point_id=204643
2026-09-22T20:13:50.871243Z,きのこ伝説,chobirich,Android,17880,きのこ伝説|chobirich|Android|https://www.chobirich.com/ad_details/1896200
2026-09-22T20:13:50.871243Z,きのこ伝説,hapitas,Android,14792,きのこ伝説|hapitas|Android|https://hapitas.jp/item/detail/itemid/102451
2026-09-22T20:13:50.871243Z,きのこ伝説,hapitas,iOS,18142,きのこ伝説|hapitas|iOS|https://hapitas.jp/item/detail/itemid/102450
2026-09-22T20:13:50.871243Z,きのこ伝説,warau,Android,18800,きのこ伝説|warau|Android|https://www.warau.jp/contents/point/pointEntrance.php?point_id=205817
2026-09-22T20:13:50.871243Z,きのこ伝説,warau,iOS,22000,きのこ伝説|warau|iOS|https://www.warau.jp/contents/point/pointEntrance.php?point_id=205816
2026-09-22T20:13:50.871243Z,エバーテイル,hapitas,Android,182,エバーテイル|hapitas|Android|https://hapitas.jp/item/detail/itemid/91331
2026-09-22T20:13:50.871243Z,エバーテイル,hapitas,iOS,182,エバーテイル|hapitas|iOS|https://hapitas.jp/item/detail/itemid/91345
2026-09-22T20:13:50.871243Z,エバーテイル,moppy,不明,360,エバーテイル|moppy|不明|https://pc.moppy.jp/ad/detail.php?site_id=158276
2026-09-22T20:13:50.871243Z,エバーテイル,warau,iOS,310,エバーテイル|warau|iOS|https://www.warau.jp/contents/point/pointEntrance.php?point_id=188016
2026-09-22T20:13:50.871243Z,キングショット,hapitas,Android,16320,キングショット|hapitas|Android|https://hapitas.jp/item/detail/itemid/101355
2026-09-22T20:13:50.871243Z,キングショット,hapitas,iOS,16320,キングショット|hapitas|iOS|https://hapitas.jp/item/detail/itemid/101354
2026-09-22T20:13:50.871243Z,キングショット,moppy,Android,18523,キングショット|moppy|Android|https://pc.moppy.jp/ad/detail.php?site_id=161855
2026-09-22T20:13:50.871243Z,キングショット,moppy,iOS,18523,キングショット|moppy|iOS|https://pc.moppy.jp/ad/detail.php?site_id=161854
2026-09-22T20:13:50.871243Z,キングショット,warau,Android,16000,キングショット|warau|Android|https://www.warau.jp/contents/point/pointEntrance.php?point_id=204984
2026-09-22T20:13:50.871243Z,キングショット,warau,iOS,16000,キングショット|warau|iOS|https://www.warau.jp/contents/point/pointEntrance.php?point_id=204983
2026-09-22T20:13:50.871243Z,パズル＆サバイバル,hapitas,Android,30612,パズル＆サバイバル|hapitas|Android|https://hapitas.jp/item/detail/itemid/99158
2026-09-22T20:13:50.871243Z,パズル＆サバイバル,hapitas,iOS,35015,パズル＆サバイバル|hapitas|iOS|https://hapitas.jp/item/detail/itemid/98148
2026-09-22T20:13:50.871243Z,パズル＆サバイバル,moppy,Android,39734,パズル＆サバイバル|moppy|Android|https://pc.moppy.jp/ad/detail.php?site_id=160367
2026-09-22T20:13:50.871243Z,パズル＆サバイバル,moppy,iOS,39740,パズル＆サバイバル|moppy|iOS|https://pc.moppy.jp/ad/detail.php?site_id=160366
2026-09-22T20:13:50.871243Z,パズル＆サバイバル,warau,Android,29500,パズル＆サバイバル|warau|Android|https://www.warau.jp/contents/point/pointEntrance.php?point_id=205557
2026-09-22T20:13:50.871243Z,パズル＆サバイバル,warau,iOS,15230,パズル＆サバイバル|warau|iOS|https://www.warau.jp/contents/point/pointEntrance.php?point_id=205361
2026-09-22T20:13:50.871243Z,ホワイトアウト・サバイバル,moppy,Android,6119,ホワイトアウト・サバイバル|moppy|Android|https://pc.moppy.jp/ad/detail.php?site_id=160375
2026-09-22T20:13:50.871243Z,ホワイトアウト・サバイバル,warau,iOS,11500,ホワイトアウト・サバイバル|warau|iOS|https://www.warau.jp/contents/point/pointEntrance.php?point_id=201862
2026-09-22T20:13:50.871243Z,メメントモリ,hapitas,Android,4815,メメントモリ|hapitas|Android|https://hapitas.jp/item/detail/itemid/99421
2026-09-22T20:13:50.871243Z,メメントモリ,hapitas,iOS,4815,メメントモリ|hapitas|iOS|https://hapitas.jp/item/detail/itemid/99420
2026-09-22T20:13:50.871243Z,メメントモリ,warau,Android,12050,メメントモリ|warau|Android|https://www.warau.jp/contents/point/pointEntrance.php?point_id=205975
2026-09-22T20:13:50.871243Z,メメントモリ,warau,iOS,12050,メメントモリ|warau|iOS|https://www.warau.jp/contents/point/pointEntrance.php?point_id=206035
2026-09-22T20:13:50.871243Z,ワーキングヒーロー,hapitas,Android,11502,ワーキングヒーロー|hapitas|Android|https://hapitas.jp/item/detail/itemid/101445
2026-09-22T20:13:50.871243Z,ワーキングヒーロー,hapitas,iOS,11502,ワーキングヒーロー|hapitas|iOS|https://hapitas.jp/item/detail/itemid/101444
2026-09-22T20:13:50.871243Z,放置少女,hapitas,Android,1501,放置少女|hapitas|Android|https://hapitas.jp/item/detail/itemid/91475
2026-09-22T20:13:50.871243Z,放置少女,moppy,不明,2400,放置少女|moppy|不明|https://pc.moppy.jp/ad/detail.php?site_id=147270
2026-09-22T20:13:50.871243Z,放置少女,warau,Android,1600,放置少女|warau|Android|https://www.warau.jp/contents/point/pointEntrance.php?point_id=177971
2026-09-22T20:13:50.871243Z,放置少女,warau,iOS,2000,放置少女|warau|iOS|https://www.warau.jp/contents/point/pointEntrance.php?point_id=206411
2026-09-22T20:13:50.871243Z,東京ディバンカー,hapitas,Android,147,東京ディバンカー|hapitas|Android|https://hapitas.jp/item/detail/itemid/91334
2026-09-22T20:13:50.871243Z,東京ディバンカー,hapitas,iOS,147,東京ディバンカー|hapitas|iOS|https://hapitas.jp/item/detail/itemid/91316
2026-09-22T20:13:50.871243Z,東京ディバンカー,moppy,不明,228,東京ディバンカー|moppy|不明|https://pc.moppy.jp/ad/detail.php?site_id=158270
2026-09-22T20:13:50.871243Z,東京ディバンカー,warau,Android,210,東京ディバンカー|warau|Android|https://www.warau.jp/contents/point/pointEntrance.php?point_id=191401
2026-09-22T20:13:50.871243Z,東京ディバンカー,warau,iOS,210,東京ディバンカー|warau|iOS|https://www.warau.jp/contents/point/pointEntrance.php?point_id=191400
2026-09-23T17:22:15.506337Z,Township,chobirich,Android,31030,Township|chobirich|Android|https://www.chobirich.com/ad_details/1894712
2026-09-23T17:22:15.506337Z,Township,warau,Android,21670,Township|warau|Android|https://www.warau.jp/contents/point/pointEntrance.php?point_id=204645
2026-09-23T17:22:15.506337Z,Township,warau,iOS,16760,Township|warau|iOS|https://www.warau.jp/contents/point/pointEntrance.php?point_id=204643
2026-09-23T17:22:15.506337Z,きのこ伝説,chobirich,Android,17880,きのこ伝説|chobirich|Android|https://www.chobirich.com/ad_details/1896200
2026-09-23T17:22:15.506337Z,きのこ伝説,hapitas,Android,14792,きのこ伝説|hapitas|Android|https://hapitas.jp/item/detail/itemid/102451
2026-09-23T17:22:15.506337Z,きのこ伝説,hapitas,iOS,18142,きのこ伝説|hapitas|iOS|https://hapitas.jp/item/detail/itemid/102450
2026-09-23T17:22:15.506337Z,きのこ伝説,warau,Android,18800,きのこ伝説|warau|Android|https://www.warau.jp/contents/point/pointEntrance.php?point_id=205817
2026-09-23T17:22:15.506337Z,きのこ伝説,warau,iOS,22000,きのこ伝説|warau|iOS|https://www.warau.jp/contents/point/pointEntrance.php?point_id=205816
2026-09-23T17:22:15.506337Z,エバーテイル,hapitas,Android,182,エバーテイル|hapitas|Android|https://hapitas.jp/item/detail/itemid/91331
2026-09-23T17:22:15.506337Z,エバーテイル,hapitas,iOS,182,エバーテイル|hapitas|iOS|https://hapitas.jp/item/detail/itemid/91345
2026-09-23T17:22:15.506337Z,エバーテイル,moppy,不明,360,エバーテイル|moppy|不明|https://pc.moppy.jp/ad/detail.php?site_id=158276
2026-09-23T17:22:15.506337Z,エバーテイル,warau,iOS,310,エバーテイル|warau|iOS|https://www.warau.jp/contents/point/pointEntrance.php?point_id=188016
2026-09-23T17:22:15.506337Z,キングショット,hapitas,Android,16320,キングショット|hapitas|Android|https://hapitas.jp/item/detail/itemid/101355
2026-09-23T17:22:15.506337Z,キングショット,hapitas,iOS,16320,キングショット|hapitas|iOS|https://hapitas.jp/item/detail/itemid/101354
2026-09-23T17:22:15.506337Z,キングショット,moppy,Android,23367,キングショット|moppy|Android|https://pc.moppy.jp/ad/detail.php?site_id=161855
2026-09-23T17:22:15.506337Z,キングショット,moppy,iOS,23367,キングショット|moppy|iOS|https://pc.moppy.jp/ad/detail.php?site_id=161854
2026-09-23T17:22:15.506337Z,キングショット,warau,Android,16000,キングショット|warau|Android|https://www.warau.jp/contents/point/pointEntrance.php?point_id=204984
2026-09-23T17:22:15.506337Z,キングショット,warau,iOS,16000,キングショット|warau|iOS|https://www.warau.jp/contents/point/pointEntrance.php?point_id=204983
2026-09-23T17:22:15.506337Z,パズル＆サバイバル,hapitas,Android,30612,パズル＆サバイバル|hapitas|Android|https://hapitas.jp/item/detail/itemid/99158
2026-09-23T17:22:15.506337Z,パズル＆サバイバル,hapitas,iOS,35015,パズル＆サバイバル|hapitas|iOS|https://hapitas.jp/item/detail/itemid/98148
2026-09-23T17:22:15.506337Z,パズル＆サバイバル,moppy,Android,39734,パズル＆サバイバル|moppy|Android|https://pc.moppy.jp/ad/detail.php?site_id=160367
2026-09-23T17:22:15.506337Z,パズル＆サバイバル,moppy,iOS,39740,パズル＆サバイバル|moppy|iOS|https://pc.moppy.jp/ad/detail.php?site_id=160366
2026-09-23T17:22:15.506337Z,パズル＆サバイバル,warau,Android,29500,パズル＆サバイバル|warau|Android|https://www.warau.jp/contents/point/pointEntrance.php?point_id=205557
2026-09-23T17:22:15.506337Z,パズル＆サバイバル,warau,iOS,15230,パズル＆サバイバル|warau|iOS|https://www.warau.jp/contents/point/pointEntrance.php?point_id=205361
2026-09-23T17:22:15.506337Z,ホワイトアウト・サバイバル,moppy,Android,6119,ホワイトアウト・サバイバル|moppy|Android|https://pc.moppy.jp/ad/detail.php?site_id=160375
2026-09-23T17:22:15.506337Z,ホワイトアウト・サバイバル,warau,iOS,11500,ホワイトアウト・サバイバル|warau|iOS|https://www.warau.jp/contents/point/pointEntrance.php?point_id=201862
2026-09-23T17:22:15.506337Z,メメントモリ,hapitas,Android,4815,メメントモリ|hapitas|Android|https://hapitas.jp/item/detail/itemid/99421
2026-09-23T17:22:15.506337Z,メメントモリ,hapitas,iOS,4815,メメントモリ|hapitas|iOS|https://hapitas.jp/item/detail/itemid/99420
2026-09-23T17:22:15.506337Z,メメントモリ,warau,Android,12050,メメントモリ|warau|Android|https://www.warau.jp/contents/point/pointEntrance.php?point_id=205975
2026-09-23T17:22:15.506337Z,メメントモリ,warau,iOS,12050,メメントモリ|warau|iOS|https://www.warau.jp/contents/point/pointEntrance.php?point_id=206035
2026-09-23T17:22:15.506337Z,ワーキングヒーロー,hapitas,Android,11502,ワーキングヒーロー|hapitas|Android|https://hapitas.jp/item/detail/itemid/101445
2026-09-23T17:22:15.506337Z,ワーキングヒーロー,hapitas,iOS,11502,ワーキングヒーロー|hapitas|iOS|https://hapitas.jp/item/detail/itemid/101444
2026-09-23T17:22:15.506337Z,放置少女,hapitas,Android,1501,放置少女|hapitas|Android|https://hapitas.jp/item/detail/itemid/91475
2026-09-23T17:22:15.506337Z,放置少女,moppy,不明,1852,放置少女|moppy|不明|https://pc.moppy.jp/ad/detail.php?site_id=147270
2026-09-23T17:22:15.506337Z,放置少女,warau,Android,1600,放置少女|warau|Android|https://www.warau.jp/contents/point/pointEntrance.php?point_id=177971
2026-09-23T17:22:15.506337Z,放置少女,warau,iOS,2000,放置少女|warau|iOS|https://www.warau.jp/contents/point/pointEntrance.php?point_id=206411
2026-09-23T17:22:15.506337Z,東京ディバンカー,hapitas,Android,147,東京ディバンカー|hapitas|Android|https://hapitas.jp/item/detail/itemid/91334
2026-09-23T17:22:15.506337Z,東京ディバンカー,hapitas,iOS,147,東京ディバンカー|hapitas|iOS|https://hapitas.jp/item/detail/itemid/91316
2026-09-23T17:22:15.506337Z,東京ディバンカー,moppy,不明,199,東京ディバンカー|moppy|不明|https://pc.moppy.jp/ad/detail.php?site_id=158270
2026-09-23T17:22:15.506337Z,東京ディバンカー,warau,Android,210,東京ディバンカー|warau|Android|https://www.warau.jp/contents/point/pointEntrance.php?point_id=191401
2026-09-23T17:22:15.506337Z,東京ディバンカー,warau,iOS,210,東京ディバンカー|warau|iOS|https://www.warau.jp/contents/point/pointEntrance.php?point_id=191400
2026-09-24T01:54:12.310034Z,ATLAS: EARTH,coincome,iOS,8620,ATLAS: EARTH|coincome|iOS|https://cimcome.jp/campaigns/details/9663
2026-09-24T01:54:12.310034Z,Township,chobirich,Android,31030,Township|chobirich|Android|https://www.chobirich.com/ad_details/1894712
2026-09-24T01:54:12.310034Z,Township,warau,Android,21670,Township|warau|Android|https://www.warau.jp/contents/point/pointEntrance.php?point_id=204645
2026-09-24T01:54:12.310034Z,Township,warau,iOS,16760,Township|warau|iOS|https://www.warau.jp/contents/point/pointEntrance.php?point_id=204643
2026-09-24T01:54:12.310034Z,きのこ伝説,chobirich,Android,17880,きのこ伝説|chobirich|Android|https://www.chobirich.com/ad_details/1896200
2026-09-24T01:54:12.310034Z,きのこ伝説,hapitas,Android,14792,きのこ伝説|hapitas|Android|https://hapitas.jp/item/detail/itemid/102451
2026-09-24T01:54:12.310034Z,きのこ伝説,hapitas,iOS,18142,きのこ伝説|hapitas|iOS|https://hapitas.jp/item/detail/itemid/102450
2026-09-24T01:54:12.310034Z,きのこ伝説,warau,Android,18800,きのこ伝説|warau|Android|https://www.warau.jp/contents/point/pointEntrance.php?point_id=205817
2026-09-24T01:54:12.310034Z,きのこ伝説,warau,iOS,22000,きのこ伝説|warau|iOS|https://www.warau.jp/contents/point/pointEntrance.php?point_id=205816
2026-09-24T01:54:12.310034Z,エバーテイル,hapitas,Android,182,エバーテイル|hapitas|Android|https://hapitas.jp/item/detail/itemid/91331
2026-09-24T01:54:12.310034Z,エバーテイル,hapitas,iOS,182,エバーテイル|hapitas|iOS|https://hapitas.jp/item/detail/itemid/91345
2026-09-24T01:54:12.310034Z,エバーテイル,moppy,不明,360,エバーテイル|moppy|不明|https://pc.moppy.jp/ad/detail.php?site_id=158276
2026-09-24T01:54:12.310034Z,エバーテイル,warau,iOS,310,エバーテイル|warau|iOS|https://www.warau.jp/contents/point/pointEntrance.php?point_id=188016
2026-09-24T01:54:12.310034Z,キングショット,hapitas,Android,16320,キングショット|hapitas|Android|https://hapitas.jp/item/detail/itemid/101355
2026-09-24T01:54:12.310034Z,キングショット,hapitas,iOS,16320,キングショット|hapitas|iOS|https://hapitas.jp/item/detail/itemid/101354
2026-09-24T01:54:12.310034Z,キングショット,moppy,Android,23367,キングショット|moppy|Android|https://pc.moppy.jp/ad/detail.php?site_id=161855
2026-09-24T01:54:12.310034Z,キングショット,moppy,iOS,23367,キングショット|moppy|iOS|https://pc.moppy.jp/ad/detail.php?site_id=161854
2026-09-24T01:54:12.310034Z,キングショット,warau,Android,16000,キングショット|warau|Android|https://www.warau.jp/contents/point/pointEntrance.php?point_id=204984
2026-09-24T01:54:12.310034Z,キングショット,warau,iOS,16000,キングショット|warau|iOS|https://www.warau.jp/contents/point/pointEntrance.php?point_id=204983
2026-09-24T01:54:12.310034Z,パズル＆サバイバル,hapitas,Android,30612,パズル＆サバイバル|hapitas|Android|https://hapitas.jp/item/detail/itemid/99158
2026-09-24T01:54:12.310034Z,パズル＆サバイバル,hapitas,iOS,35015,パズル＆サバイバル|hapitas|iOS|https://hapitas.jp/item/detail/itemid/98148
2026-09-24T01:54:12.310034Z,パズル＆サバイバル,moppy,Android,39734,パズル＆サバイバル|moppy|Android|https://pc.moppy.jp/ad/detail.php?site_id=160367
2026-09-24T01:54:12.310034Z,パズル＆サバイバル,moppy,iOS,39740,パズル＆サバイバル|moppy|iOS|https://pc.moppy.jp/ad/detail.php?site_id=160366
2026-09-24T01:54:12.310034Z,パズル＆サバイバル,warau,Android,29500,パズル＆サバイバル|warau|Android|https://www.warau.jp/contents/point/pointEntrance.php?point_id=205557
2026-09-24T01:54:12.310034Z,パズル＆サバイバル,warau,iOS,15230,パズル＆サバイバル|warau|iOS|https://www.warau.jp/contents/point/pointEntrance.php?point_id=205361
2026-09-24T01:54:12.310034Z,ホワイトアウト・サバイバル,moppy,Android,6119,ホワイトアウト・サバイバル|moppy|Android|https://pc.moppy.jp/ad/detail.php?site_id=160375
2026-09-24T01:54:12.310034Z,ホワイトアウト・サバイバル,warau,iOS,11500,ホワイトアウト・サバイバル|warau|iOS|https://www.warau.jp/contents/point/pointEntrance.php?point_id=201862
2026-09-24T01:54:12.310034Z,メメントモリ,hapitas,Android,4815,メメントモリ|hapitas|Android|https://hapitas.jp/item/detail/itemid/99421
2026-09-24T01:54:12.310034Z,メメントモリ,hapitas,iOS,4815,メメントモリ|hapitas|iOS|https://hapitas.jp/item/detail/itemid/99420
2026-09-24T01:54:12.310034Z,メメントモリ,warau,Android,12050,メメントモリ|warau|Android|https://www.warau.jp/contents/point/pointEntrance.php?point_id=205975
2026-09-24T01:54:12.310034Z,メメントモリ,warau,iOS,12050,メメントモリ|warau|iOS|https://www.warau.jp/contents/point/pointEntrance.php?point_id=206035
2026-09-24T01:54:12.310034Z,ワーキングヒーロー,hapitas,Android,11502,ワーキングヒーロー|hapitas|Android|https://hapitas.jp/item/detail/itemid/101445
2026-09-24T01:54:12.310034Z,ワーキングヒーロー,hapitas,iOS,11502,ワーキングヒーロー|hapitas|iOS|https://hapitas.jp/item/detail/itemid/101444
2026-09-24T01:54:12.310034Z,放置少女,hapitas,Android,1501,放置少女|hapitas|Android|https://hapitas.jp/item/detail/itemid/91475
2026-09-24T01:54:12.310034Z,放置少女,moppy,不明,1852,放置少女|moppy|不明|https://pc.moppy.jp/ad/detail.php?site_id=147270
2026-09-24T01:54:12.310034Z,放置少女,warau,Android,1600,放置少女|warau|Android|https://www.warau.jp/contents/point/pointEntrance.php?point_id=177971
2026-09-24T01:54:12.310034Z,放置少女,warau,iOS,2000,放置少女|warau|iOS|https://www.warau.jp/contents/point/pointEntrance.php?point_id=206411
2026-09-24T01:54:12.310034Z,東京ディバンカー,hapitas,Android,147,東京ディバンカー|hapitas|Android|https://hapitas.jp/item/detail/itemid/91334
2026-09-24T01:54:12.310034Z,東京ディバンカー,hapitas,iOS,147,東京ディバンカー|hapitas|iOS|https://hapitas.jp/item/detail/itemid/91316
2026-09-24T01:54:12.310034Z,東京ディバンカー,moppy,不明,199,東京ディバンカー|moppy|不明|https://pc.moppy.jp/ad/detail.php?site_id=158270
2026-09-24T01:54:12.310034Z,東京ディバンカー,warau,Android,210,東京ディバンカー|warau|Android|https://www.warau.jp/contents/point/pointEntrance.php?point_id=191401
2026-09-24T01:54:12.310034Z,東京ディバンカー,warau,iOS,210,東京ディバンカー|warau|iOS|https://www.warau.jp/contents/point/pointEntrance.php?point_id=191400
2026-09-24T02:54:04.329898Z,ATLAS: EARTH,coincome,iOS,8620,ATLAS: EARTH|coincome|iOS|https://cimcome.jp/campaigns/details/9663
2026-09-24T02:54:04.329898Z,Township,chobirich,Android,31030,Township|chobirich|Android|https://www.chobirich.com/ad_details/1894712
2026-09-24T02:54:04.329898Z,Township,warau,Android,21670,Township|warau|Android|https://www.warau.jp/contents/point/pointEntrance.php?point_id=204645
2026-09-24T02:54:04.329898Z,Township,warau,iOS,16760,Township|warau|iOS|https://www.warau.jp/contents/point/pointEntrance.php?point_id=204643
2026-09-24T02:54:04.329898Z,きのこ伝説,chobirich,Android,17880,きのこ伝説|chobirich|Android|https://www.chobirich.com/ad_details/1896200
2026-09-24T02:54:04.329898Z,きのこ伝説,hapitas,Android,16346,きのこ伝説|hapitas|Android|https://hapitas.jp/item/detail/itemid/102451
2026-09-24T02:54:04.329898Z,きのこ伝説,hapitas,iOS,20047,きのこ伝説|hapitas|iOS|https://hapitas.jp/item/detail/itemid/102450
2026-09-24T02:54:04.329898Z,きのこ伝説,warau,Android,18800,きのこ伝説|warau|Android|https://www.warau.jp/contents/point/pointEntrance.php?point_id=205817
2026-09-24T02:54:04.329898Z,きのこ伝説,warau,iOS,22000,きのこ伝説|warau|iOS|https://www.warau.jp/contents/point/pointEntrance.php?point_id=205816
2026-09-24T02:54:04.329898Z,エバーテイル,hapitas,Android,182,エバーテイル|hapitas|Android|https://hapitas.jp/item/detail/itemid/91331
2026-09-24T02:54:04.329898Z,エバーテイル,hapitas,iOS,182,エバーテイル|hapitas|iOS|https://hapitas.jp/item/detail/itemid/91345
2026-09-24T02:54:04.329898Z,エバーテイル,moppy,不明,360,エバーテイル|moppy|不明|https://pc.moppy.jp/ad/detail.php?site_id=158276
2026-09-24T02:54:04.329898Z,エバーテイル,warau,iOS,310,エバーテイル|warau|iOS|https://www.warau.jp/contents/point/pointEntrance.php?point_id=188016
2026-09-24T02:54:04.329898Z,キングショット,moppy,Android,23367,キングショット|moppy|Android|https://pc.moppy.jp/ad/detail.php?site_id=161855
2026-09-24T02:54:04.329898Z,キングショット,moppy,iOS,23367,キングショット|moppy|iOS|https://pc.moppy.jp/ad/detail.php?site_id=161854
2026-09-24T02:54:04.329898Z,キングショット,warau,Android,16000,キングショット|warau|Android|https://www.warau.jp/contents/point/pointEntrance.php?point_id=204984
2026-09-24T02:54:04.329898Z,キングショット,warau,iOS,16000,キングショット|warau|iOS|https://www.warau.jp/contents/point/pointEntrance.php?point_id=204983
2026-09-24T02:54:04.329898Z,パズル＆サバイバル,hapitas,Android,33829,パズル＆サバイバル|hapitas|Android|https://hapitas.jp/item/detail/itemid/99158
2026-09-24T02:54:04.329898Z,パズル＆サバイバル,hapitas,iOS,38696,パズル＆サバイバル|hapitas|iOS|https://hapitas.jp/item/detail/itemid/98148
2026-09-24T02:54:04.329898Z,パズル＆サバイバル,moppy,Android,39734,パズル＆サバイバル|moppy|Android|https://pc.moppy.jp/ad/detail.php?site_id=160367
2026-09-24T02:54:04.329898Z,パズル＆サバイバル,moppy,iOS,39740,パズル＆サバイバル|moppy|iOS|https://pc.moppy.jp/ad/detail.php?site_id=160366
2026-09-24T02:54:04.329898Z,パズル＆サバイバル,warau,Android,29500,パズル＆サバイバル|warau|Android|https://www.warau.jp/contents/point/pointEntrance.php?point_id=205557
2026-09-24T02:54:04.329898Z,パズル＆サバイバル,warau,iOS,15230,パズル＆サバイバル|warau|iOS|https://www.warau.jp/contents/point/pointEntrance.php?point_id=205361
2026-09-24T02:54:04.329898Z,ホワイトアウト・サバイバル,moppy,Android,6119,ホワイトアウト・サバイバル|moppy|Android|https://pc.moppy.jp/ad/detail.php?site_id=160375
2026-09-24T02:54:04.329898Z,ホワイトアウト・サバイバル,warau,iOS,11500,ホワイトアウト・サバイバル|warau|iOS|https://www.warau.jp/contents/point/pointEntrance.php?point_id=201862
2026-09-24T02:54:04.329898Z,メメントモリ,hapitas,Android,5317,メメントモリ|hapitas|Android|https://hapitas.jp/item/detail/itemid/99421
2026-09-24T02:54:04.329898Z,メメントモリ,hapitas,iOS,5317,メメントモリ|hapitas|iOS|https://hapitas.jp/item/detail/itemid/99420
2026-09-24T02:54:04.329898Z,メメントモリ,warau,Android,12050,メメントモリ|warau|Android|https://www.warau.jp/contents/point/pointEntrance.php?point_id=205975
2026-09-24T02:54:04.329898Z,メメントモリ,warau,iOS,12050,メメントモリ|warau|iOS|https://www.warau.jp/contents/point/pointEntrance.php?point_id=206035
2026-09-24T02:54:04.329898Z,ワーキングヒーロー,hapitas,Android,9822,ワーキングヒーロー|hapitas|Android|https://hapitas.jp/item/detail/itemid/101445
2026-09-24T02:54:04.329898Z,ワーキングヒーロー,hapitas,iOS,9822,ワーキングヒーロー|hapitas|iOS|https://hapitas.jp/item/detail/itemid/101444
2026-09-24T02:54:04.329898Z,放置少女,moppy,不明,1852,放置少女|moppy|不明|https://pc.moppy.jp/ad/detail.php?site_id=147270
2026-09-24T02:54:04.329898Z,放置少女,warau,Android,1600,放置少女|warau|Android|https://www.warau.jp/contents/point/pointEntrance.php?point_id=177971
2026-09-24T02:54:04.329898Z,放置少女,warau,iOS,2000,放置少女|warau|iOS|https://www.warau.jp/contents/point/pointEntrance.php?point_id=206411
2026-09-24T02:54:04.329898Z,東京ディバンカー,hapitas,Android,147,東京ディバンカー|hapitas|Android|https://hapitas.jp/item/detail/itemid/91334
2026-09-24T02:54:04.329898Z,東京ディバンカー,hapitas,iOS,147,東京ディバンカー|hapitas|iOS|https://hapitas.jp/item/detail/itemid/91316
2026-09-24T02:54:04.329898Z,東京ディバンカー,moppy,不明,199,東京ディバンカー|moppy|不明|https://pc.moppy.jp/ad/detail.php?site_id=158270
2026-09-24T02:54:04.329898Z,東京ディバンカー,warau,Android,210,東京ディバンカー|warau|Android|https://www.warau.jp/contents/point/pointEntrance.php?point_id=191401
2026-09-24T02:54:04.329898Z,東京ディバンカー,warau,iOS,210,東京ディバンカー|warau|iOS|https://www.warau.jp/contents/point/pointEntrance.php?point_id=191400
2026-09-26T01:20:21.055497Z,ATLAS: EARTH,coincome,iOS,8620,ATLAS: EARTH|coincome|iOS|https://cimcome.jp/campaigns/details/9663
2026-09-26T01:20:21.055497Z,Township,chobirich,Android,31030,Township|chobirich|Android|https://www.chobirich.com/ad_details/1894712
2026-09-26T01:20:21.055497Z,Township,warau,Android,21670,Township|warau|Android|https://www.warau.jp/contents/point/pointEntrance.php?point_id=204645
2026-09-26T01:20:21.055497Z,Township,warau,iOS,16760,Township|warau|iOS|https://www.warau.jp/contents/point/pointEntrance.php?point_id=204643
2026-09-26T01:20:21.055497Z,きのこ伝説,chobirich,Android,17880,きのこ伝説|chobirich|Android|https://www.chobirich.com/ad_details/1896200
2026-09-26T01:20:21.055497Z,きのこ伝説,hapitas,Android,16346,きのこ伝説|hapitas|Android|https://hapitas.jp/item/detail/itemid/102451
2026-09-26T01:20:21.055497Z,きのこ伝説,hapitas,iOS,20047,きのこ伝説|hapitas|iOS|https://hapitas.jp/item/detail/itemid/102450
2026-09-26T01:20:21.055497Z,きのこ伝説,warau,Android,18800,きのこ伝説|warau|Android|https://www.warau.jp/contents/point/pointEntrance.php?point_id=205817
2026-09-26T01:20:21.055497Z,きのこ伝説,warau,iOS,22000,きのこ伝説|warau|iOS|https://www.warau.jp/contents/point/pointEntrance.php?point_id=205816
2026-09-26T01:20:21.055497Z,エバーテイル,hapitas,Android,182,エバーテイル|hapitas|Android|https://hapitas.jp/item/detail/itemid/91331
2026-09-26T01:20:21.055497Z,エバーテイル,hapitas,iOS,182,エバーテイル|hapitas|iOS|https://hapitas.jp/item/detail/itemid/91345
2026-09-26T01:20:21.055497Z,エバーテイル,moppy,不明,360,エバーテイル|moppy|不明|https://pc.moppy.jp/ad/detail.php?site_id=158275
2026-09-26T01:20:21.055497Z,エバーテイル,point_income,Android,250,エバーテイル|point_income|Android|https://sp.pointi.jp/ad/149940/
2026-09-26T01:20:21.055497Z,エバーテイル,point_income,iOS,250,エバーテイル|point_income|iOS|https://sp.pointi.jp/ad/149938/
2026-09-26T01:20:21.055497Z,エバーテイル,warau,iOS,310,エバーテイル|warau|iOS|https://www.warau.jp/contents/point/pointEntrance.php?point_id=188016
2026-09-26T01:20:21.055497Z,キングショット,moppy,Android,23367,キングショット|moppy|Android|https://pc.moppy.jp/ad/detail.php?site_id=161855
2026-09-26T01:20:21.055497Z,キングショット,moppy,iOS,23367,キングショット|moppy|iOS|https://pc.moppy.jp/ad/detail.php?site_id=161854
2026-09-26T01:20:21.055497Z,キングショット,warau,Android,16000,キングショット|warau|Android|https://www.warau.jp/contents/point/pointEntrance.php?point_id=204984
2026-09-26T01:20:21.055497Z,キングショット,warau,iOS,16000,キングショット|warau|iOS|https://www.warau.jp/contents/point/pointEntrance.php?point_id=204983
2026-09-26T01:20:21.055497Z,パズル＆サバイバル,hapitas,Android,33829,パズル＆サバイバル|hapitas|Android|https://hapitas.jp/item/detail/itemid/99158
2026-09-26T01:20:21.055497Z,パズル＆サバイバル,hapitas,iOS,38696,パズル＆サバイバル|hapitas|iOS|https://hapitas.jp/item/detail/itemid/98148
2026-09-26T01:20:21.055497Z,パズル＆サバイバル,moppy,Android,39734,パズル＆サバイバル|moppy|Android|https://pc.moppy.jp/ad/detail.php?site_id=160367
2026-09-26T01:20:21.055497Z,パズル＆サバイバル,moppy,iOS,39740,パズル＆サバイバル|moppy|iOS|https://pc.moppy.jp/ad/detail.php?site_id=160366
2026-09-26T01:20:21.055497Z,パズル＆サバイバル,point_income,iOS,300,パズル＆サバイバル|point_income|iOS|https://sp.pointi.jp/ad/154851/
2026-09-26T01:20:21.055497Z,パズル＆サバイバル,warau,Android,29500,パズル＆サバイバル|warau|Android|https://www.warau.jp/contents/point/pointEntrance.php?point_id=205557
2026-09-26T01:20:21.055497Z,パズル＆サバイバル,warau,iOS,15230,パズル＆サバイバル|warau|iOS|https://www.warau.jp/contents/point/pointEntrance.php?point_id=205361
2026-09-26T01:20:21.055497Z,ホワイトアウト・サバイバル,moppy,Android,6119,ホワイトアウト・サバイバル|moppy|Android|https://pc.moppy.jp/ad/detail.php?site_id=160375
2026-09-26T01:20:21.055497Z,ホワイトアウト・サバイバル,warau,iOS,11500,ホワイトアウト・サバイバル|warau|iOS|https://www.warau.jp/contents/point/pointEntrance.php?point_id=201862
2026-09-26T01:20:21.055497Z,メメントモリ,hapitas,Android,5317,メメントモリ|hapitas|Android|https://hapitas.jp/item/detail/itemid/99421
2026-09-26T01:20:21.055497Z,メメントモリ,hapitas,iOS,5317,メメントモリ|hapitas|iOS|https://hapitas.jp/item/detail/itemid/99420
2026-09-26T01:20:21.055497Z,メメントモリ,warau,Android,12050,メメントモリ|warau|Android|https://www.warau.jp/contents/point/pointEntrance.php?point_id=205975
2026-09-26T01:20:21.055497Z,メメントモリ,warau,iOS,12050,メメントモリ|warau|iOS|https://www.warau.jp/contents/point/pointEntrance.php?point_id=206035
2026-09-26T01:20:21.055497Z,ワーキングヒーロー,hapitas,Android,9822,ワーキングヒーロー|hapitas|Android|https://hapitas.jp/item/detail/itemid/101445
2026-09-26T01:20:21.055497Z,ワーキングヒーロー,hapitas,iOS,9822,ワーキングヒーロー|hapitas|iOS|https://hapitas.jp/item/detail/itemid/101444
2026-09-26T01:20:21.055497Z,放置少女,moppy,不明,1852,放置少女|moppy|不明|https://pc.moppy.jp/ad/detail.php?site_id=147270
2026-09-26T01:20:21.055497Z,放置少女,warau,Android,1600,放置少女|warau|Android|https://www.warau.jp/contents/point/pointEntrance.php?point_id=177971
2026-09-26T01:20:21.055497Z,放置少女,warau,iOS,2000,放置少女|warau|iOS|https://www.warau.jp/contents/point/pointEntrance.php?point_id=206411
2026-09-26T01:20:21.055497Z,東京ディバンカー,hapitas,Android,147,東京ディバンカー|hapitas|Android|https://hapitas.jp/item/detail/itemid/91334
2026-09-26T01:20:21.055497Z,東京ディバンカー,hapitas,iOS,147,東京ディバンカー|hapitas|iOS|https://hapitas.jp/item/detail/itemid/91316
2026-09-26T01:20:21.055497Z,東京ディバンカー,moppy,不明,199,東京ディバンカー|moppy|不明|https://pc.moppy.jp/ad/detail.php?site_id=158257
2026-09-26T01:20:21.055497Z,東京ディバンカー,point_income,Android,150,東京ディバンカー|point_income|Android|https://sp.pointi.jp/ad/149927/
2026-09-26T01:20:21.055497Z,東京ディバンカー,point_income,iOS,150,東京ディバンカー|point_income|iOS|https://sp.pointi.jp/ad/149911/
2026-09-26T01:20:21.055497Z,東京ディバンカー,warau,Android,210,東京ディバンカー|warau|Android|https://www.warau.jp/contents/point/pointEntrance.php?point_id=191401
2026-09-26T01:20:21.055497Z,東京ディバンカー,warau,iOS,210,東京ディバンカー|warau|iOS|https://www.warau.jp/contents/point/pointEntrance.php?point_id=191400
2026-09-27T18:23:50.070725Z,ATLAS: EARTH,coincome,iOS,8620,ATLAS: EARTH|coincome|iOS|https://cimcome.jp/campaigns/details/9663
2026-09-27T18:23:50.070725Z,Township,chobirich,Android,31030,Township|chobirich|Android|https://www.chobirich.com/ad_details/1894712
2026-09-27T18:23:50.070725Z,Township,warau,Android,21670,Township|warau|Android|https://www.warau.jp/contents/point/pointEntrance.php?point_id=204645
2026-09-27T18:23:50.070725Z,Township,warau,iOS,16760,Township|warau|iOS|https://www.warau.jp/contents/point/pointEntrance.php?point_id=204643
2026-09-27T18:23:50.070725Z,きのこ伝説,chobirich,Android,17880,きのこ伝説|chobirich|Android|https://www.chobirich.com/ad_details/1896200
2026-09-27T18:23:50.070725Z,きのこ伝説,hapitas,Android,16346,きのこ伝説|hapitas|Android|https://hapitas.jp/item/detail/itemid/102451
2026-09-27T18:23:50.070725Z,きのこ伝説,hapitas,iOS,20047,きのこ伝説|hapitas|iOS|https://hapitas.jp/item/detail/itemid/102450
2026-09-27T18:23:50.070725Z,きのこ伝説,warau,Android,18800,きのこ伝説|warau|Android|https://www.warau.jp/contents/point/pointEntrance.php?point_id=205817
2026-09-27T18:23:50.070725Z,きのこ伝説,warau,iOS,22000,きのこ伝説|warau|iOS|https://www.warau.jp/contents/point/pointEntrance.php?point_id=205816
2026-09-27T18:23:50.070725Z,エバーテイル,hapitas,Android,182,エバーテイル|hapitas|Android|https://hapitas.jp/item/detail/itemid/91331
2026-09-27T18:23:50.070725Z,エバーテイル,hapitas,iOS,182,エバーテイル|hapitas|iOS|https://hapitas.jp/item/detail/itemid/91345
2026-09-27T18:23:50.070725Z,エバーテイル,moppy,不明,360,エバーテイル|moppy|不明|https://pc.moppy.jp/ad/detail.php?site_id=158275
2026-09-27T18:23:50.070725Z,エバーテイル,point_income,Android,250,エバーテイル|point_income|Android|https://sp.pointi.jp/ad/149940/
2026-09-27T18:23:50.070725Z,エバーテイル,point_income,iOS,250,エバーテイル|point_income|iOS|https://sp.pointi.jp/ad/149938/
2026-09-27T18:23:50.070725Z,エバーテイル,warau,iOS,310,エバーテイル|warau|iOS|https://www.warau.jp/contents/point/pointEntrance.php?point_id=188016
2026-09-27T18:23:50.070725Z,キングショット,moppy,Android,23367,キングショット|moppy|Android|https://pc.moppy.jp/ad/detail.php?site_id=161855
2026-09-27T18:23:50.070725Z,キングショット,moppy,iOS,23367,キングショット|moppy|iOS|https://pc.moppy.jp/ad/detail.php?site_id=161854
2026-09-27T18:23:50.070725Z,キングショット,warau,Android,16000,キングショット|warau|Android|https://www.warau.jp/contents/point/pointEntrance.php?point_id=204984
2026-09-27T18:23:50.070725Z,キングショット,warau,iOS,16000,キングショット|warau|iOS|https://www.warau.jp/contents/point/pointEntrance.php?point_id=204983
2026-09-27T18:23:50.070725Z,パズル＆サバイバル,hapitas,Android,33829,パズル＆サバイバル|hapitas|Android|https://hapitas.jp/item/detail/itemid/99158
2026-09-27T18:23:50.070725Z,パズル＆サバイバル,hapitas,iOS,38696,パズル＆サバイバル|hapitas|iOS|https://hapitas.jp/item/detail/itemid/98148
2026-09-27T18:23:50.070725Z,パズル＆サバイバル,moppy,Android,39734,パズル＆サバイバル|moppy|Android|https://pc.moppy.jp/ad/detail.php?site_id=160367
2026-09-27T18:23:50.070725Z,パズル＆サバイバル,moppy,iOS,39740,パズル＆サバイバル|moppy|iOS|https://pc.moppy.jp/ad/detail.php?site_id=160366
2026-09-27T18:23:50.070725Z,パズル＆サバイバル,point_income,iOS,300,パズル＆サバイバル|point_income|iOS|https://sp.pointi.jp/ad/154851/
2026-09-27T18:23:50.070725Z,パズル＆サバイバル,warau,Android,29500,パズル＆サバイバル|warau|Android|https://www.warau.jp/contents/point/pointEntrance.php?point_id=205557
2026-09-27T18:23:50.070725Z,パズル＆サバイバル,warau,iOS,15230,パズル＆サバイバル|warau|iOS|https://www.warau.jp/contents/point/pointEntrance.php?point_id=205361
2026-09-27T18:23:50.070725Z,ホワイトアウト・サバイバル,moppy,Android,6119,ホワイトアウト・サバイバル|moppy|Android|https://pc.moppy.jp/ad/detail.php?site_id=160375
2026-09-27T18:23:50.070725Z,ホワイトアウト・サバイバル,warau,iOS,11500,ホワイトアウト・サバイバル|warau|iOS|https://www.warau.jp/contents/point/pointEntrance.php?point_id=201862
2026-09-27T18:23:50.070725Z,メメントモリ,hapitas,Android,5316,メメントモリ|hapitas|Android|https://hapitas.jp/item/detail/itemid/99421
2026-09-27T18:23:50.070725Z,メメントモリ,hapitas,iOS,5316,メメントモリ|hapitas|iOS|https://hapitas.jp/item/detail/itemid/99420
2026-09-27T18:23:50.070725Z,メメントモリ,warau,Android,12050,メメントモリ|warau|Android|https://www.warau.jp/contents/point/pointEntrance.php?point_id=205975
2026-09-27T18:23:50.070725Z,メメントモリ,warau,iOS,12050,メメントモリ|warau|iOS|https://www.warau.jp/contents/point/pointEntrance.php?point_id=206035
2026-09-27T18:23:50.070725Z,ワーキングヒーロー,hapitas,Android,9822,ワーキングヒーロー|hapitas|Android|https://hapitas.jp/item/detail/itemid/101445
2026-09-27T18:23:50.070725Z,ワーキングヒーロー,hapitas,iOS,9822,ワーキングヒーロー|hapitas|iOS|https://hapitas.jp/item/detail/itemid/101444
2026-09-27T18:23:50.070725Z,放置少女,moppy,不明,1852,放置少女|moppy|不明|https://pc.moppy.jp/ad/detail.php?site_id=147270
2026-09-27T18:23:50.070725Z,放置少女,warau,Android,1600,放置少女|warau|Android|https://www.warau.jp/contents/point/pointEntrance.php?point_id=177971
2026-09-27T18:23:50.070725Z,放置少女,warau,iOS,2000,放置少女|warau|iOS|https://www.warau.jp/contents/point/pointEntrance.php?point_id=206411
2026-09-27T18:23:50.070725Z,東京ディバンカー,hapitas,Android,147,東京ディバンカー|hapitas|Android|https://hapitas.jp/item/detail/itemid/91334
2026-09-27T18:23:50.070725Z,東京ディバンカー,hapitas,iOS,147,東京ディバンカー|hapitas|iOS|https://hapitas.jp/item/detail/itemid/91316
2026-09-27T18:23:50.070725Z,東京ディバンカー,moppy,不明,199,東京ディバンカー|moppy|不明|https://pc.moppy.jp/ad/detail.php?site_id=158257
2026-09-27T18:23:50.070725Z,東京ディバンカー,point_income,Android,150,東京ディバンカー|point_income|Android|https://sp.pointi.jp/ad/149927/
2026-09-27T18:23:50.070725Z,東京ディバンカー,point_income,iOS,150,東京ディバンカー|point_income|iOS|https://sp.pointi.jp/ad/149911/
2026-09-27T18:23:50.070725Z,東京ディバンカー,warau,Android,210,東京ディバンカー|warau|Android|https://www.warau.jp/contents/point/pointEntrance.php?point_id=191401
2026-09-27T18:23:50.070725Z,東京ディバンカー,warau,iOS,210,東京ディバンカー|warau|iOS|https://www.warau.jp/contents/point/pointEntrance.php?point_id=191400
2026-09-28T07:58:37.914435Z,ATLAS: EARTH,coincome,iOS,8620,ATLAS: EARTH|coincome|iOS|https://cimcome.jp/campaigns/details/9663
2026-09-28T07:58:37.914435Z,Merge Help: ホームデザインパズル,warau,Android,4740,Merge Help: ホームデザインパズル|warau|Android|https://www.warau.jp/contents/point/pointEntrance.php?point_id=207045&pl=pc_categoryService
2026-09-28T07:58:37.914435Z,Township,chobirich,Android,31030,Township|chobirich|Android|https://www.chobirich.com/ad_details/1894712
2026-09-28T07:58:37.914435Z,Township,warau,Android,21670,Township|warau|Android|https://www.warau.jp/contents/point/pointEntrance.php?point_id=204645
2026-09-28T07:58:37.914435Z,Township,warau,iOS,18100,Township|warau|iOS|https://www.warau.jp/contents/point/pointEntrance.php?point_id=207049&pl=pc_categoryService
2026-09-28T07:58:37.914435Z,きのこ伝説,chobirich,Android,17880,きのこ伝説|chobirich|Android|https://www.chobirich.com/ad_details/1896200
2026-09-28T07:58:37.914435Z,きのこ伝説,hapitas,Android,16346,きのこ伝説|hapitas|Android|https://hapitas.jp/item/detail/itemid/102451
2026-09-28T07:58:37.914435Z,きのこ伝説,hapitas,iOS,20047,きのこ伝説|hapitas|iOS|https://hapitas.jp/item/detail/itemid/102450
2026-09-28T07:58:37.914435Z,きのこ伝説,warau,Android,18800,きのこ伝説|warau|Android|https://www.warau.jp/contents/point/pointEntrance.php?point_id=205817
2026-09-28T07:58:37.914435Z,きのこ伝説,warau,iOS,22000,きのこ伝説|warau|iOS|https://www.warau.jp/contents/point/pointEntrance.php?point_id=205816
2026-09-28T07:58:37.914435Z,エバーテイル,hapitas,Android,182,エバーテイル|hapitas|Android|https://hapitas.jp/item/detail/itemid/91331
2026-09-28T07:58:37.914435Z,エバーテイル,hapitas,iOS,182,エバーテイル|hapitas|iOS|https://hapitas.jp/item/detail/itemid/91345
2026-09-28T07:58:37.914435Z,エバーテイル,moppy,不明,360,エバーテイル|moppy|不明|https://pc.moppy.jp/ad/detail.php?site_id=158275
2026-09-28T07:58:37.914435Z,エバーテイル,point_income,Android,250,エバーテイル|point_income|Android|https://sp.pointi.jp/ad/149940/
2026-09-28T07:58:37.914435Z,エバーテイル,point_income,iOS,250,エバーテイル|point_income|iOS|https://sp.pointi.jp/ad/149938/
2026-09-28T07:58:37.914435Z,エバーテイル,warau,iOS,310,エバーテイル|warau|iOS|https://www.warau.jp/contents/point/pointEntrance.php?point_id=188016
2026-09-28T07:58:37.914435Z,キングショット,coincome,iOS,20965,キングショット|coincome|iOS|https://cimcome.jp/campaigns/details/10267
2026-09-28T07:58:37.914435Z,キングショット,moppy,Android,23367,キングショット|moppy|Android|https://pc.moppy.jp/ad/detail.php?site_id=161855
2026-09-28T07:58:37.914435Z,キングショット,moppy,iOS,23367,キングショット|moppy|iOS|https://pc.moppy.jp/ad/detail.php?site_id=161854
2026-09-28T07:58:37.914435Z,キングショット,warau,Android,21600,キングショット|warau|Android|https://www.warau.jp/contents/point/pointEntrance.php?point_id=206610&pl=pc_categoryService
2026-09-28T07:58:37.914435Z,キングショット,warau,iOS,21600,キングショット|warau|iOS|https://www.warau.jp/contents/point/pointEntrance.php?point_id=206609&pl=pc_categoryService
2026-09-28T07:58:37.914435Z,パズル＆サバイバル,ec_navi,iOS,420,パズル＆サバイバル|ec_navi|iOS|https://ecnavi.jp/ad/10712650/show/?frame=category
2026-09-28T07:58:37.914435Z,パズル＆サバイバル,hapitas,Android,33829,パズル＆サバイバル|hapitas|Android|https://hapitas.jp/item/detail/itemid/99158
2026-09-28T07:58:37.914435Z,パズル＆サバイバル,hapitas,iOS,38696,パズル＆サバイバル|hapitas|iOS|https://hapitas.jp/item/detail/itemid/98148
2026-09-28T07:58:37.914435Z,パズル＆サバイバル,moppy,Android,39734,パズル＆サバイバル|moppy|Android|https://pc.moppy.jp/ad/detail.php?site_id=160367
2026-09-28T07:58:37.914435Z,パズル＆サバイバル,moppy,iOS,39740,パズル＆サバイバル|moppy|iOS|https://pc.moppy.jp/ad/detail.php?site_id=160366
2026-09-28T07:58:37.914435Z,パズル＆サバイバル,point_income,iOS,300,パズル＆サバイバル|point_income|iOS|https://sp.pointi.jp/ad/154851/
2026-09-28T07:58:37.914435Z,パズル＆サバイバル,warau,Android,29500,パズル＆サバイバル|warau|Android|https://www.warau.jp/contents/point/pointEntrance.php?point_id=205557
2026-09-28T07:58:37.914435Z,パズル＆サバイバル,warau,iOS,15230,パズル＆サバイバル|warau|iOS|https://www.warau.jp/contents/point/pointEntrance.php?point_id=205361
2026-09-28T07:58:37.914435Z,ファミリーファームの冒険,ec_navi,iOS,900,ファミリーファームの冒険|ec_navi|iOS|https://ecnavi.jp/ad/10720018/show/?frame=category
2026-09-28T07:58:37.914435Z,ホワイトアウト・サバイバル,moppy,Android,6119,ホワイトアウト・サバイバル|moppy|Android|https://pc.moppy.jp/ad/detail.php?site_id=160375
2026-09-28T07:58:37.914435Z,ホワイトアウト・サバイバル,warau,Android,11500,ホワイトアウト・サバイバル|warau|Android|https://www.warau.jp/contents/point/pointEntrance.php?point_id=201872&pl=pc_categoryService
2026-09-28T07:58:37.914435Z,ホワイトアウト・サバイバル,warau,iOS,11500,ホワイトアウト・サバイバル|warau|iOS|https://www.warau.jp/contents/point/pointEntrance.php?point_id=201862
2026-09-28T07:58:37.914435Z,メメントモリ,hapitas,Android,5316,メメントモリ|hapitas|Android|https://hapitas.jp/item/detail/itemid/99421
2026-09-28T07:58:37.914435Z,メメントモリ,hapitas,iOS,5316,メメントモリ|hapitas|iOS|https://hapitas.jp/item/detail/itemid/99420
2026-09-28T07:58:37.914435Z,メメントモリ,warau,Android,12050,メメントモリ|warau|Android|https://www.warau.jp/contents/point/pointEntrance.php?point_id=205975
2026-09-28T07:58:37.914435Z,メメントモリ,warau,iOS,12050,メメントモリ|warau|iOS|https://www.warau.jp/contents/point/pointEntrance.php?point_id=206035
2026-09-28T07:58:37.914435Z,ワーキングヒーロー,hapitas,Android,9822,ワーキングヒーロー|hapitas|Android|https://hapitas.jp/item/detail/itemid/101445
2026-09-28T07:58:37.914435Z,ワーキングヒーロー,hapitas,iOS,9822,ワーキングヒーロー|hapitas|iOS|https://hapitas.jp/item/detail/itemid/101444
2026-09-28T07:58:37.914435Z,放置少女,moppy,不明,1852,放置少女|moppy|不明|https://pc.moppy.jp/ad/detail.php?site_id=147270
2026-09-28T07:58:37.914435Z,放置少女,warau,Android,1600,放置少女|warau|Android|https://www.warau.jp/contents/point/pointEntrance.php?point_id=177971
2026-09-28T07:58:37.914435Z,放置少女,warau,iOS,2000,放置少女|warau|iOS|https://www.warau.jp/contents/point/pointEntrance.php?point_id=206411
2026-09-28T07:58:37.914435Z,東京ディバンカー,hapitas,Android,147,東京ディバンカー|hapitas|Android|https://hapitas.jp/item/detail/itemid/91334
2026-09-28T07:58:37.914435Z,東京ディバンカー,hapitas,iOS,147,東京ディバンカー|hapitas|iOS|https://hapitas.jp/item/detail/itemid/91316
2026-09-28T07:58:37.914435Z,東京ディバンカー,moppy,不明,199,東京ディバンカー|moppy|不明|https://pc.moppy.jp/ad/detail.php?site_id=158257
2026-09-28T07:58:37.914435Z,東京ディバンカー,point_income,Android,150,東京ディバンカー|point_income|Android|https://sp.pointi.jp/ad/149927/
2026-09-28T07:58:37.914435Z,東京ディバンカー,point_income,iOS,150,東京ディバンカー|point_income|iOS|https://sp.pointi.jp/ad/149911/
2026-09-28T07:58:37.914435Z,東京ディバンカー,warau,Android,210,東京ディバンカー|warau|Android|https://www.warau.jp/contents/point/pointEntrance.php?point_id=191401
2026-09-28T07:58:37.914435Z,東京ディバンカー,warau,iOS,210,東京ディバンカー|warau|iOS|https://www.warau.jp/contents/point/pointEntrance.php?point_id=191400
2026-09-30T15:15:19.200581Z,ATLAS: EARTH,coincome,iOS,8620,ATLAS: EARTH|coincome|iOS|https://cimcome.jp/campaigns/details/9663
2026-09-30T15:15:19.200581Z,Merge Help: ホームデザインパズル,warau,Android,4740,Merge Help: ホームデザインパズル|warau|Android|https://www.warau.jp/contents/point/pointEntrance.php?point_id=207045&pl=pc_categoryService
2026-09-30T15:15:19.200581Z,Township,chobirich,Android,31030,Township|chobirich|Android|https://www.chobirich.com/ad_details/1894712
2026-09-30T15:15:19.200581Z,Township,warau,Android,21670,Township|warau|Android|https://www.warau.jp/contents/point/pointEntrance.php?point_id=204645
2026-09-30T15:15:19.200581Z,Township,warau,iOS,18100,Township|warau|iOS|https://www.warau.jp/contents/point/pointEntrance.php?point_id=207049&pl=pc_categoryService
2026-09-30T15:15:19.200581Z,きのこ伝説,chobirich,Android,17880,きのこ伝説|chobirich|Android|https://www.chobirich.com/ad_details/1896200
2026-09-30T15:15:19.200581Z,きのこ伝説,hapitas,Android,16346,きのこ伝説|hapitas|Android|https://hapitas.jp/item/detail/itemid/102451
2026-09-30T15:15:19.200581Z,きのこ伝説,hapitas,iOS,20047,きのこ伝説|hapitas|iOS|https://hapitas.jp/item/detail/itemid/102450
2026-09-30T15:15:19.200581Z,きのこ伝説,warau,Android,18800,きのこ伝説|warau|Android|https://www.warau.jp/contents/point/pointEntrance.php?point_id=205817
2026-09-30T15:15:19.200581Z,きのこ伝説,warau,iOS,22000,きのこ伝説|warau|iOS|https://www.warau.jp/contents/point/pointEntrance.php?point_id=205816
2026-09-30T15:15:19.200581Z,エバーテイル,hapitas,Android,182,エバーテイル|hapitas|Android|https://hapitas.jp/item/detail/itemid/91331
2026-09-30T15:15:19.200581Z,エバーテイル,hapitas,iOS,182,エバーテイル|hapitas|iOS|https://hapitas.jp/item/detail/itemid/91345
2026-09-30T15:15:19.200581Z,エバーテイル,moppy,不明,360,エバーテイル|moppy|不明|https://pc.moppy.jp/ad/detail.php?site_id=158275
2026-09-30T15:15:19.200581Z,エバーテイル,point_income,Android,200,エバーテイル|point_income|Android|https://sp.pointi.jp/ad/149940/
2026-09-30T15:15:19.200581Z,エバーテイル,point_income,iOS,200,エバーテイル|point_income|iOS|https://sp.pointi.jp/ad/149938/
2026-09-30T15:15:19.200581Z,エバーテイル,warau,iOS,310,エバーテイル|warau|iOS|https://www.warau.jp/contents/point/pointEntrance.php?point_id=188016
2026-09-30T15:15:19.200581Z,キングショット,coincome,iOS,20965,キングショット|coincome|iOS|https://cimcome.jp/campaigns/details/10267
2026-09-30T15:15:19.200581Z,キングショット,moppy,Android,23367,キングショット|moppy|Android|https://pc.moppy.jp/ad/detail.php?site_id=161855
2026-09-30T15:15:19.200581Z,キングショット,moppy,iOS,23367,キングショット|moppy|iOS|https://pc.moppy.jp/ad/detail.php?site_id=161854
2026-09-30T15:15:19.200581Z,キングショット,warau,Android,21600,キングショット|warau|Android|https://www.warau.jp/contents/point/pointEntrance.php?point_id=206610&pl=pc_categoryService
2026-09-30T15:15:19.200581Z,キングショット,warau,iOS,21600,キングショット|warau|iOS|https://www.warau.jp/contents/point/pointEntrance.php?point_id=206609&pl=pc_categoryService
2026-09-30T15:15:19.200581Z,パズル＆サバイバル,ec_navi,iOS,420,パズル＆サバイバル|ec_navi|iOS|https://ecnavi.jp/ad/10712650/show/?frame=category
2026-09-30T15:15:19.200581Z,パズル＆サバイバル,hapitas,Android,33829,パズル＆サバイバル|hapitas|Android|https://hapitas.jp/item/detail/itemid/99158
2026-09-30T15:15:19.200581Z,パズル＆サバイバル,hapitas,iOS,38696,パズル＆サバイバル|hapitas|iOS|https://hapitas.jp/item/detail/itemid/98148
2026-09-30T15:15:19.200581Z,パズル＆サバイバル,moppy,Android,39734,パズル＆サバイバル|moppy|Android|https://pc.moppy.jp/ad/detail.php?site_id=160367
2026-09-30T15:15:19.200581Z,パズル＆サバイバル,moppy,iOS,39740,パズル＆サバイバル|moppy|iOS|https://pc.moppy.jp/ad/detail.php?site_id=160366
2026-09-30T15:15:19.200581Z,パズル＆サバイバル,point_income,iOS,300,パズル＆サバイバル|point_income|iOS|https://sp.pointi.jp/ad/154851/
2026-09-30T15:15:19.200581Z,パズル＆サバイバル,warau,Android,29500,パズル＆サバイバル|warau|Android|https://www.warau.jp/contents/point/pointEntrance.php?point_id=205557
2026-09-30T15:15:19.200581Z,パズル＆サバイバル,warau,iOS,15230,パズル＆サバイバル|warau|iOS|https://www.warau.jp/contents/point/pointEntrance.php?point_id=205361
2026-09-30T15:15:19.200581Z,ファミリーファームの冒険,ec_navi,iOS,900,ファミリーファームの冒険|ec_navi|iOS|https://ecnavi.jp/ad/10720018/show/?frame=category
2026-09-30T15:15:19.200581Z,ホワイトアウト・サバイバル,moppy,Android,6119,ホワイトアウト・サバイバル|moppy|Android|https://pc.moppy.jp/ad/detail.php?site_id=160375
2026-09-30T15:15:19.200581Z,ホワイトアウト・サバイバル,warau,Android,11500,ホワイトアウト・サバイバル|warau|Android|https://www.warau.jp/contents/point/pointEntrance.php?point_id=201872&pl=pc_categoryService
2026-09-30T15:15:19.200581Z,ホワイトアウト・サバイバル,warau,iOS,11500,ホワイトアウト・サバイバル|warau|iOS|https://www.warau.jp/contents/point/pointEntrance.php?point_id=201862
2026-09-30T15:15:19.200581Z,メメントモリ,hapitas,Android,5316,メメントモリ|hapitas|Android|https://hapitas.jp/item/detail/itemid/99421
2026-09-30T15:15:19.200581Z,メメントモリ,hapitas,iOS,5316,メメントモリ|hapitas|iOS|https://hapitas.jp/item/detail/itemid/99420
2026-09-30T15:15:19.200581Z,メメントモリ,warau,Android,12050,メメントモリ|warau|Android|https://www.warau.jp/contents/point/pointEntrance.php?point_id=205975
2026-09-30T15:15:19.200581Z,メメントモリ,warau,iOS,12050,メメントモリ|warau|iOS|https://www.warau.jp/contents/point/pointEntrance.php?point_id=206035
2026-09-30T15:15:19.200581Z,ワーキングヒーロー,hapitas,Android,9822,ワーキングヒーロー|hapitas|Android|https://hapitas.jp/item/detail/itemid/101445
2026-09-30T15:15:19.200581Z,ワーキングヒーロー,hapitas,iOS,9822,ワーキングヒーロー|hapitas|iOS|https://hapitas.jp/item/detail/itemid/101444
2026-09-30T15:15:19.200581Z,放置少女,moppy,不明,1852,放置少女|moppy|不明|https://pc.moppy.jp/ad/detail.php?site_id=147270
2026-09-30T15:15:19.200581Z,放置少女,warau,Android,1600,放置少女|warau|Android|https://www.warau.jp/contents/point/pointEntrance.php?point_id=177971
2026-09-30T15:15:19.200581Z,放置少女,warau,iOS,2000,放置少女|warau|iOS|https://www.warau.jp/contents/point/pointEntrance.php?point_id=206411
2026-09-30T15:15:19.200581Z,東京ディバンカー,hapitas,Android,147,東京ディバンカー|hapitas|Android|https://hapitas.jp/item/detail/itemid/91334
2026-09-30T15:15:19.200581Z,東京ディバンカー,hapitas,iOS,147,東京ディバンカー|hapitas|iOS|https://hapitas.jp/item/detail/itemid/91316
2026-09-30T15:15:19.200581Z,東京ディバンカー,moppy,不明,199,東京ディバンカー|moppy|不明|https://pc.moppy.jp/ad/detail.php?site_id=158257
2026-09-30T15:15:19.200581Z,東京ディバンカー,point_income,Android,150,東京ディバンカー|point_income|Android|https://sp.pointi.jp/ad/149927/
2026-09-30T15:15:19.200581Z,東京ディバンカー,point_income,iOS,150,東京ディバンカー|point_income|iOS|https://sp.pointi.jp/ad/149911/
2026-09-30T15:15:19.200581Z,東京ディバンカー,warau,Android,210,東京ディバンカー|warau|Android|https://www.warau.jp/contents/point/pointEntrance.php?point_id=191401
2026-09-30T15:15:19.200581Z,東京ディバンカー,warau,iOS,210,東京ディバンカー|warau|iOS|https://www.warau.jp/contents/point/pointEntrance.php?point_id=191400
2026-09-30T21:02:51.013736Z,ATLAS: EARTH,coincome,iOS,8620,ATLAS: EARTH|coincome|iOS|https://cimcome.jp/campaigns/details/9663
2026-09-30T21:02:51.013736Z,Merge Help: ホームデザインパズル,warau,Android,4740,Merge Help: ホームデザインパズル|warau|Android|https://www.warau.jp/contents/point/pointEntrance.php?point_id=207045&pl=pc_categoryService
2026-09-30T21:02:51.013736Z,Merge Help: ホームデザインパズル,warau,iOS,4740,Merge Help: ホームデザインパズル|warau|iOS|https://www.warau.jp/contents/point/pointEntrance.php?point_id=207041
2026-09-30T21:02:51.013736Z,Township,chobirich,Android,31030,Township|chobirich|Android|https://www.chobirich.com/ad_details/1894712
2026-09-30T21:02:51.013736Z,Township,warau,Android,21670,Township|warau|Android|https://www.warau.jp/contents/point/pointEntrance.php?point_id=204645
2026-09-30T21:02:51.013736Z,Township,warau,iOS,18100,Township|warau|iOS|https://www.warau.jp/contents/point/pointEntrance.php?point_id=207049&pl=pc_categoryService
2026-09-30T21:02:51.013736Z,Wild Survival,warau,Android,31000,Wild Survival|warau|Android|https://www.warau.jp/contents/point/pointEntrance.php?point_id=205786
2026-09-30T21:02:51.013736Z,Wild Survival,warau,iOS,31000,Wild Survival|warau|iOS|https://www.warau.jp/contents/point/pointEntrance.php?point_id=205785
2026-09-30T21:02:51.013736Z,きのこ伝説,chobirich,Android,17880,きのこ伝説|chobirich|Android|https://www.chobirich.com/ad_details/1896200
2026-09-30T21:02:51.013736Z,きのこ伝説,hapitas,Android,16346,きのこ伝説|hapitas|Android|https://hapitas.jp/item/detail/itemid/102451
2026-09-30T21:02:51.013736Z,きのこ伝説,hapitas,iOS,20047,きのこ伝説|hapitas|iOS|https://hapitas.jp/item/detail/itemid/102450
2026-09-30T21:02:51.013736Z,きのこ伝説,warau,Android,18800,きのこ伝説|warau|Android|https://www.warau.jp/contents/point/pointEntrance.php?point_id=205817
2026-09-30T21:02:51.013736Z,きのこ伝説,warau,iOS,22000,きのこ伝説|warau|iOS|https://www.warau.jp/contents/point/pointEntrance.php?point_id=205816
2026-09-30T21:02:51.013736Z,エバーテイル,hapitas,Android,182,エバーテイル|hapitas|Android|https://hapitas.jp/item/detail/itemid/91331
2026-09-30T21:02:51.013736Z,エバーテイル,hapitas,iOS,182,エバーテイル|hapitas|iOS|https://hapitas.jp/item/detail/itemid/91345
2026-09-30T21:02:51.013736Z,エバーテイル,moppy,不明,360,エバーテイル|moppy|不明|https://pc.moppy.jp/ad/detail.php?site_id=158275
2026-09-30T21:02:51.013736Z,エバーテイル,point_income,Android,200,エバーテイル|point_income|Android|https://sp.pointi.jp/ad/149940/
2026-09-30T21:02:51.013736Z,エバーテイル,point_income,iOS,200,エバーテイル|point_income|iOS|https://sp.pointi.jp/ad/149938/
2026-09-30T21:02:51.013736Z,エバーテイル,warau,iOS,310,エバーテイル|warau|iOS|https://www.warau.jp/contents/point/pointEntrance.php?point_id=188016
2026-09-30T21:02:51.013736Z,キングショット,coincome,iOS,20965,キングショット|coincome|iOS|https://cimcome.jp/campaigns/details/10267
2026-09-30T21:02:51.013736Z,キングショット,moppy,Android,23367,キングショット|moppy|Android|https://pc.moppy.jp/ad/detail.php?site_id=161855
2026-09-30T21:02:51.013736Z,キングショット,moppy,iOS,23367,キングショット|moppy|iOS|https://pc.moppy.jp/ad/detail.php?site_id=161854
2026-09-30T21:02:51.013736Z,キングショット,warau,Android,21600,キングショット|warau|Android|https://www.warau.jp/contents/point/pointEntrance.php?point_id=206610&pl=pc_categoryService
2026-09-30T21:02:51.013736Z,キングショット,warau,iOS,21600,キングショット|warau|iOS|https://www.warau.jp/contents/point/pointEntrance.php?point_id=206609&pl=pc_categoryService
2026-09-30T21:02:51.013736Z,クロンダイクの冒険,warau,Android,3040,クロンダイクの冒険|warau|Android|https://www.warau.jp/contents/point/pointEntrance.php?point_id=205043
2026-09-30T21:02:51.013736Z,クロンダイクの冒険,warau,iOS,3040,クロンダイクの冒険|warau|iOS|https://www.warau.jp/contents/point/pointEntrance.php?point_id=205042
2026-09-30T21:02:51.013736Z,パズル＆サバイバル,ec_navi,iOS,420,パズル＆サバイバル|ec_navi|iOS|https://ecnavi.jp/ad/10712650/show/?frame=category
2026-09-30T21:02:51.013736Z,パズル＆サバイバル,hapitas,Android,33829,パズル＆サバイバル|hapitas|Android|https://hapitas.jp/item/detail/itemid/99158
2026-09-30T21:02:51.013736Z,パズル＆サバイバル,hapitas,iOS,38696,パズル＆サバイバル|hapitas|iOS|https://hapitas.jp/item/detail/itemid/98148
2026-09-30T21:02:51.013736Z,パズル＆サバイバル,moppy,Android,39734,パズル＆サバイバル|moppy|Android|https://pc.moppy.jp/ad/detail.php?site_id=160367
2026-09-30T21:02:51.013736Z,パズル＆サバイバル,moppy,iOS,39740,パズル＆サバイバル|moppy|iOS|https://pc.moppy.jp/ad/detail.php?site_id=160366
2026-09-30T21:02:51.013736Z,パズル＆サバイバル,point_income,iOS,300,パズル＆サバイバル|point_income|iOS|https://sp.pointi.jp/ad/154851/
2026-09-30T21:02:51.013736Z,パズル＆サバイバル,warau,Android,29500,パズル＆サバイバル|warau|Android|https://www.warau.jp/contents/point/pointEntrance.php?point_id=205557
2026-09-30T21:02:51.013736Z,パズル＆サバイバル,warau,iOS,15230,パズル＆サバイバル|warau|iOS|https://www.warau.jp/contents/point/pointEntrance.php?point_id=205361
2026-09-30T21:02:51.013736Z,ファミリーファームの冒険,ec_navi,iOS,900,ファミリーファームの冒険|ec_navi|iOS|https://ecnavi.jp/ad/10720018/show/?frame=category
2026-09-30T21:02:51.013736Z,ホワイトアウト・サバイバル,moppy,Android,6119,ホワイトアウト・サバイバル|moppy|Android|https://pc.moppy.jp/ad/detail.php?site_id=160375
2026-09-30T21:02:51.013736Z,ホワイトアウト・サバイバル,warau,Android,11500,ホワイトアウト・サバイバル|warau|Android|https://www.warau.jp/contents/point/pointEntrance.php?point_id=201872&pl=pc_categoryService
2026-09-30T21:02:51.013736Z,ホワイトアウト・サバイバル,warau,iOS,11500,ホワイトアウト・サバイバル|warau|iOS|https://www.warau.jp/contents/point/pointEntrance.php?point_id=201862
2026-09-30T21:02:51.013736Z,マフィア・シティ-極道風雲,warau,Android,17150,マフィア・シティ-極道風雲|warau|Android|https://www.warau.jp/contents/point/pointEntrance.php?point_id=198936
2026-09-30T21:02:51.013736Z,マフィア・シティ-極道風雲,warau,iOS,17150,マフィア・シティ-極道風雲|warau|iOS|https://www.warau.jp/contents/point/pointEntrance.php?point_id=198935
2026-09-30T21:02:51.013736Z,メメントモリ,hapitas,Android,5316,メメントモリ|hapitas|Android|https://hapitas.jp/item/detail/itemid/99421
2026-09-30T21:02:51.013736Z,メメントモリ,hapitas,iOS,5316,メメントモリ|hapitas|iOS|https://hapitas.jp/item/detail/itemid/99420
2026-09-30T21:02:51.013736Z,メメントモリ,warau,Android,12050,メメントモリ|warau|Android|https://www.warau.jp/contents/point/pointEntrance.php?point_id=205975
2026-09-30T21:02:51.013736Z,メメントモリ,warau,iOS,12050,メメントモリ|warau|iOS|https://www.warau.jp/contents/point/pointEntrance.php?point_id=206035
2026-09-30T21:02:51.013736Z,ワーキングヒーロー,hapitas,Android,9822,ワーキングヒーロー|hapitas|Android|https://hapitas.jp/item/detail/itemid/101445
2026-09-30T21:02:51.013736Z,ワーキングヒーロー,hapitas,iOS,9822,ワーキングヒーロー|hapitas|iOS|https://hapitas.jp/item/detail/itemid/101444
2026-09-30T21:02:51.013736Z,放置少女,moppy,不明,1852,放置少女|moppy|不明|https://pc.moppy.jp/ad/detail.php?site_id=147270
2026-09-30T21:02:51.013736Z,放置少女,warau,Android,1600,放置少女|warau|Android|https://www.warau.jp/contents/point/pointEntrance.php?point_id=177971
2026-09-30T21:02:51.013736Z,放置少女,warau,iOS,2000,放置少女|warau|iOS|https://www.warau.jp/contents/point/pointEntrance.php?point_id=206411
2026-09-30T21:02:51.013736Z,東京ディバンカー,hapitas,Android,147,東京ディバンカー|hapitas|Android|https://hapitas.jp/item/detail/itemid/91334
2026-09-30T21:02:51.013736Z,東京ディバンカー,hapitas,iOS,147,東京ディバンカー|hapitas|iOS|https://hapitas.jp/item/detail/itemid/91316
2026-09-30T21:02:51.013736Z,東京ディバンカー,moppy,不明,199,東京ディバンカー|moppy|不明|https://pc.moppy.jp/ad/detail.php?site_id=158257
2026-09-30T21:02:51.013736Z,東京ディバンカー,point_income,Android,150,東京ディバンカー|point_income|Android|https://sp.pointi.jp/ad/149927/
2026-09-30T21:02:51.013736Z,東京ディバンカー,point_income,iOS,150,東京ディバンカー|point_income|iOS|https://sp.pointi.jp/ad/149911/
2026-09-30T21:02:51.013736Z,東京ディバンカー,warau,Android,210,東京ディバンカー|warau|Android|https://www.warau.jp/contents/point/pointEntrance.php?point_id=191401
2026-09-30T21:02:51.013736Z,東京ディバンカー,warau,iOS,210,東京ディバンカー|warau|iOS|https://www.warau.jp/contents/point/pointEntrance.php?point_id=191400
2026-10-01T21:15:14.694650Z,ATLAS: EARTH,coincome,iOS,8620,ATLAS: EARTH|coincome|iOS|https://cimcome.jp/campaigns/details/9663
2026-10-01T21:15:14.694650Z,Merge Help: ホームデザインパズル,warau,Android,4740,Merge Help: ホームデザインパズル|warau|Android|https://www.warau.jp/contents/point/pointEntrance.php?point_id=207045&pl=pc_categoryService
2026-10-01T21:15:14.694650Z,Merge Help: ホームデザインパズル,warau,iOS,4740,Merge Help: ホームデザインパズル|warau|iOS|https://www.warau.jp/contents/point/pointEntrance.php?point_id=207041
2026-10-01T21:15:14.694650Z,Township,warau,Android,21670,Township|warau|Android|https://www.warau.jp/contents/point/pointEntrance.php?point_id=204645
2026-10-01T21:15:14.694650Z,Township,warau,iOS,18100,Township|warau|iOS|https://www.warau.jp/contents/point/pointEntrance.php?point_id=207049&pl=pc_categoryService
2026-10-01T21:15:14.694650Z,Wild Survival,warau,Android,31000,Wild Survival|warau|Android|https://www.warau.jp/contents/point/pointEntrance.php?point_id=205786
2026-10-01T21:15:14.694650Z,Wild Survival,warau,iOS,31000,Wild Survival|warau|iOS|https://www.warau.jp/contents/point/pointEntrance.php?point_id=205785
2026-10-01T21:15:14.694650Z,きのこ伝説,chobirich,Android,17880,きのこ伝説|chobirich|Android|https://www.chobirich.com/ad_details/1896200
2026-10-01T21:15:14.694650Z,きのこ伝説,hapitas,Android,16346,きのこ伝説|hapitas|Android|https://hapitas.jp/item/detail/itemid/102451
2026-10-01T21:15:14.694650Z,きのこ伝説,hapitas,iOS,20047,きのこ伝説|hapitas|iOS|https://hapitas.jp/item/detail/itemid/102450
2026-10-01T21:15:14.694650Z,きのこ伝説,warau,Android,18800,きのこ伝説|warau|Android|https://www.warau.jp/contents/point/pointEntrance.php?point_id=205817
2026-10-01T21:15:14.694650Z,きのこ伝説,warau,iOS,22000,きのこ伝説|warau|iOS|https://www.warau.jp/contents/point/pointEntrance.php?point_id=205816
2026-10-01T21:15:14.694650Z,エバーテイル,hapitas,Android,182,エバーテイル|hapitas|Android|https://hapitas.jp/item/detail/itemid/91331
2026-10-01T21:15:14.694650Z,エバーテイル,hapitas,iOS,182,エバーテイル|hapitas|iOS|https://hapitas.jp/item/detail/itemid/91345
2026-10-01T21:15:14.694650Z,エバーテイル,moppy,不明,360,エバーテイル|moppy|不明|https://pc.moppy.jp/ad/detail.php?site_id=158275
2026-10-01T21:15:14.694650Z,エバーテイル,point_income,Android,200,エバーテイル|point_income|Android|https://sp.pointi.jp/ad/149940/
2026-10-01T21:15:14.694650Z,エバーテイル,point_income,iOS,200,エバーテイル|point_income|iOS|https://sp.pointi.jp/ad/149938/
2026-10-01T21:15:14.694650Z,エバーテイル,warau,iOS,310,エバーテイル|warau|iOS|https://www.warau.jp/contents/point/pointEntrance.php?point_id=188016
2026-10-01T21:15:14.694650Z,キングショット,coincome,iOS,20965,キングショット|coincome|iOS|https://cimcome.jp/campaigns/details/10267
2026-10-01T21:15:14.694650Z,キングショット,moppy,Android,23367,キングショット|moppy|Android|https://pc.moppy.jp/ad/detail.php?site_id=161855
2026-10-01T21:15:14.694650Z,キングショット,moppy,iOS,23367,キングショット|moppy|iOS|https://pc.moppy.jp/ad/detail.php?site_id=161854
2026-10-01T21:15:14.694650Z,キングショット,warau,Android,21600,キングショット|warau|Android|https://www.warau.jp/contents/point/pointEntrance.php?point_id=206610&pl=pc_categoryService
2026-10-01T21:15:14.694650Z,キングショット,warau,iOS,21600,キングショット|warau|iOS|https://www.warau.jp/contents/point/pointEntrance.php?point_id=206609&pl=pc_categoryService
2026-10-01T21:15:14.694650Z,クロンダイクの冒険,warau,Android,3040,クロンダイクの冒険|warau|Android|https://www.warau.jp/contents/point/pointEntrance.php?point_id=205043
2026-10-01T21:15:14.694650Z,クロンダイクの冒険,warau,iOS,3040,クロンダイクの冒険|warau|iOS|https://www.warau.jp/contents/point/pointEntrance.php?point_id=205042
2026-10-01T21:15:14.694650Z,パズル＆サバイバル,ec_navi,iOS,420,パズル＆サバイバル|ec_navi|iOS|https://ecnavi.jp/ad/10712650/show/?frame=category
2026-10-01T21:15:14.694650Z,パズル＆サバイバル,hapitas,Android,33829,パズル＆サバイバル|hapitas|Android|https://hapitas.jp/item/detail/itemid/99158
2026-10-01T21:15:14.694650Z,パズル＆サバイバル,hapitas,iOS,38696,パズル＆サバイバル|hapitas|iOS|https://hapitas.jp/item/detail/itemid/98148
2026-10-01T21:15:14.694650Z,パズル＆サバイバル,moppy,Android,39734,パズル＆サバイバル|moppy|Android|https://pc.moppy.jp/ad/detail.php?site_id=160367
2026-10-01T21:15:14.694650Z,パズル＆サバイバル,moppy,iOS,39740,パズル＆サバイバル|moppy|iOS|https://pc.moppy.jp/ad/detail.php?site_id=160366
2026-10-01T21:15:14.694650Z,パズル＆サバイバル,point_income,iOS,300,パズル＆サバイバル|point_income|iOS|https://sp.pointi.jp/ad/154851/
2026-10-01T21:15:14.694650Z,パズル＆サバイバル,warau,Android,29500,パズル＆サバイバル|warau|Android|https://www.warau.jp/contents/point/pointEntrance.php?point_id=205557
2026-10-01T21:15:14.694650Z,パズル＆サバイバル,warau,iOS,15230,パズル＆サバイバル|warau|iOS|https://www.warau.jp/contents/point/pointEntrance.php?point_id=205361
2026-10-01T21:15:14.694650Z,ファミリーファームの冒険,ec_navi,iOS,900,ファミリーファームの冒険|ec_navi|iOS|https://ecnavi.jp/ad/10720018/show/?frame=category
2026-10-01T21:15:14.694650Z,ホワイトアウト・サバイバル,moppy,Android,6119,ホワイトアウト・サバイバル|moppy|Android|https://pc.moppy.jp/ad/detail.php?site_id=160375
2026-10-01T21:15:14.694650Z,ホワイトアウト・サバイバル,warau,Android,11500,ホワイトアウト・サバイバル|warau|Android|https://www.warau.jp/contents/point/pointEntrance.php?point_id=201872&pl=pc_categoryService
2026-10-01T21:15:14.694650Z,ホワイトアウト・サバイバル,warau,iOS,11500,ホワイトアウト・サバイバル|warau|iOS|https://www.warau.jp/contents/point/pointEntrance.php?point_id=201862
2026-10-01T21:15:14.694650Z,マフィア・シティ-極道風雲,warau,Android,17150,マフィア・シティ-極道風雲|warau|Android|https://www.warau.jp/contents/point/pointEntrance.php?point_id=198936
2026-10-01T21:15:14.694650Z,マフィア・シティ-極道風雲,warau,iOS,17150,マフィア・シティ-極道風雲|warau|iOS|https://www.warau.jp/contents/point/pointEntrance.php?point_id=198935
2026-10-01T21:15:14.694650Z,メメントモリ,hapitas,Android,5316,メメントモリ|hapitas|Android|https://hapitas.jp/item/detail/itemid/99421
2026-10-01T21:15:14.694650Z,メメントモリ,hapitas,iOS,5316,メメントモリ|hapitas|iOS|https://hapitas.jp/item/detail/itemid/99420
2026-10-01T21:15:14.694650Z,メメントモリ,warau,Android,12050,メメントモリ|warau|Android|https://www.warau.jp/contents/point/pointEntrance.php?point_id=205975
2026-10-01T21:15:14.694650Z,メメントモリ,warau,iOS,12050,メメントモリ|warau|iOS|https://www.warau.jp/contents/point/pointEntrance.php?point_id=206035
2026-10-01T21:15:14.694650Z,ロックンキャッシュカジノ-スロットゲーム,coincome,iOS,112500,ロックンキャッシュカジノ-スロットゲーム|coincome|iOS|https://cimcome.jp/campaigns/details/9782
2026-10-01T21:15:14.694650Z,ワーキングヒーロー,hapitas,Android,9822,ワーキングヒーロー|hapitas|Android|https://hapitas.jp/item/detail/itemid/101445
2026-10-01T21:15:14.694650Z,ワーキングヒーロー,hapitas,iOS,9822,ワーキングヒーロー|hapitas|iOS|https://hapitas.jp/item/detail/itemid/101444
2026-10-01T21:15:14.694650Z,放置少女,moppy,不明,1852,放置少女|moppy|不明|https://pc.moppy.jp/ad/detail.php?site_id=147270
2026-10-01T21:15:14.694650Z,放置少女,warau,Android,1600,放置少女|warau|Android|https://www.warau.jp/contents/point/pointEntrance.php?point_id=177971
2026-10-01T21:15:14.694650Z,放置少女,warau,iOS,2000,放置少女|warau|iOS|https://www.warau.jp/contents/point/pointEntrance.php?point_id=206411
2026-10-01T21:15:14.694650Z,東京ディバンカー,hapitas,Android,147,東京ディバンカー|hapitas|Android|https://hapitas.jp/item/detail/itemid/91334
2026-10-01T21:15:14.694650Z,東京ディバンカー,hapitas,iOS,147,東京ディバンカー|hapitas|iOS|https://hapitas.jp/item/detail/itemid/91316
2026-10-01T21:15:14.694650Z,東京ディバンカー,moppy,不明,199,東京ディバンカー|moppy|不明|https://pc.moppy.jp/ad/detail.php?site_id=158257
2026-10-01T21:15:14.694650Z,東京ディバンカー,point_income,Android,150,東京ディバンカー|point_income|Android|https://sp.pointi.jp/ad/149927/
2026-10-01T21:15:14.694650Z,東京ディバンカー,point_income,iOS,150,東京ディバンカー|point_income|iOS|https://sp.pointi.jp/ad/149911/
2026-10-01T21:15:14.694650Z,東京ディバンカー,warau,Android,210,東京ディバンカー|warau|Android|https://www.warau.jp/contents/point/pointEntrance.php?point_id=191401
2026-10-01T21:15:14.694650Z,東京ディバンカー,warau,iOS,210,東京ディバンカー|warau|iOS|https://www.warau.jp/contents/point/pointEntrance.php?point_id=191400
2026-10-02T20:58:50.811178Z,ATLAS: EARTH,coincome,iOS,8620,ATLAS: EARTH|coincome|iOS|https://cimcome.jp/campaigns/details/9663
2026-10-02T20:58:50.811178Z,Merge Help: ホームデザインパズル,warau,Android,4740,Merge Help: ホームデザインパズル|warau|Android|https://www.warau.jp/contents/point/pointEntrance.php?point_id=207045&pl=pc_categoryService
2026-10-02T20:58:50.811178Z,Merge Help: ホームデザインパズル,warau,iOS,4740,Merge Help: ホームデザインパズル|warau|iOS|https://www.warau.jp/contents/point/pointEntrance.php?point_id=207041
2026-10-02T20:58:50.811178Z,Township,warau,Android,21670,Township|warau|Android|https://www.warau.jp/contents/point/pointEntrance.php?point_id=204645
2026-10-02T20:58:50.811178Z,Township,warau,iOS,18100,Township|warau|iOS|https://www.warau.jp/contents/point/pointEntrance.php?point_id=207049&pl=pc_categoryService
2026-10-02T20:58:50.811178Z,Wild Survival,warau,Android,31000,Wild Survival|warau|Android|https://www.warau.jp/contents/point/pointEntrance.php?point_id=205786
2026-10-02T20:58:50.811178Z,Wild Survival,warau,iOS,31000,Wild Survival|warau|iOS|https://www.warau.jp/contents/point/pointEntrance.php?point_id=205785
2026-10-02T20:58:50.811178Z,きのこ伝説,chobirich,Android,17880,きのこ伝説|chobirich|Android|https://www.chobirich.com/ad_details/1896200
2026-10-02T20:58:50.811178Z,きのこ伝説,hapitas,Android,16346,きのこ伝説|hapitas|Android|https://hapitas.jp/item/detail/itemid/102451
2026-10-02T20:58:50.811178Z,きのこ伝説,hapitas,iOS,20047,きのこ伝説|hapitas|iOS|https://hapitas.jp/item/detail/itemid/102450
2026-10-02T20:58:50.811178Z,きのこ伝説,warau,Android,18800,きのこ伝説|warau|Android|https://www.warau.jp/contents/point/pointEntrance.php?point_id=205817
2026-10-02T20:58:50.811178Z,きのこ伝説,warau,iOS,22000,きのこ伝説|warau|iOS|https://www.warau.jp/contents/point/pointEntrance.php?point_id=205816
2026-10-02T20:58:50.811178Z,エバーテイル,hapitas,Android,182,エバーテイル|hapitas|Android|https://hapitas.jp/item/detail/itemid/91331
2026-10-02T20:58:50.811178Z,エバーテイル,hapitas,iOS,182,エバーテイル|hapitas|iOS|https://hapitas.jp/item/detail/itemid/91345
2026-10-02T20:58:50.811178Z,エバーテイル,moppy,不明,360,エバーテイル|moppy|不明|https://pc.moppy.jp/ad/detail.php?site_id=158275
2026-10-02T20:58:50.811178Z,エバーテイル,point_income,Android,200,エバーテイル|point_income|Android|https://sp.pointi.jp/ad/149940/
2026-10-02T20:58:50.811178Z,エバーテイル,point_income,iOS,200,エバーテイル|point_income|iOS|https://sp.pointi.jp/ad/149938/
2026-10-02T20:58:50.811178Z,エバーテイル,warau,iOS,310,エバーテイル|warau|iOS|https://www.warau.jp/contents/point/pointEntrance.php?point_id=188016
2026-10-02T20:58:50.811178Z,キングショット,coincome,iOS,20965,キングショット|coincome|iOS|https://cimcome.jp/campaigns/details/10267
2026-10-02T20:58:50.811178Z,キングショット,moppy,Android,23367,キングショット|moppy|Android|https://pc.moppy.jp/ad/detail.php?site_id=161855
2026-10-02T20:58:50.811178Z,キングショット,moppy,iOS,23367,キングショット|moppy|iOS|https://pc.moppy.jp/ad/detail.php?site_id=161854
2026-10-02T20:58:50.811178Z,キングショット,warau,Android,21600,キングショット|warau|Android|https://www.warau.jp/contents/point/pointEntrance.php?point_id=206610&pl=pc_categoryService
2026-10-02T20:58:50.811178Z,キングショット,warau,iOS,21600,キングショット|warau|iOS|https://www.warau.jp/contents/point/pointEntrance.php?point_id=206609&pl=pc_categoryService
2026-10-02T20:58:50.811178Z,クロンダイクの冒険,warau,Android,3040,クロンダイクの冒険|warau|Android|https://www.warau.jp/contents/point/pointEntrance.php?point_id=205043
2026-10-02T20:58:50.811178Z,クロンダイクの冒険,warau,iOS,3040,クロンダイクの冒険|warau|iOS|https://www.warau.jp/contents/point/pointEntrance.php?point_id=205042
2026-10-02T20:58:50.811178Z,パズル＆サバイバル,ec_navi,iOS,420,パズル＆サバイバル|ec_navi|iOS|https://ecnavi.jp/ad/10712650/show/?frame=category
2026-10-02T20:58:50.811178Z,パズル＆サバイバル,hapitas,Android,33829,パズル＆サバイバル|hapitas|Android|https://hapitas.jp/item/detail/itemid/99158
2026-10-02T20:58:50.811178Z,パズル＆サバイバル,hapitas,iOS,38696,パズル＆サバイバル|hapitas|iOS|https://hapitas.jp/item/detail/itemid/98148
2026-10-02T20:58:50.811178Z,パズル＆サバイバル,moppy,Android,39734,パズル＆サバイバル|moppy|Android|https://pc.moppy.jp/ad/detail.php?site_id=160367
2026-10-02T20:58:50.811178Z,パズル＆サバイバル,moppy,iOS,39740,パズル＆サバイバル|moppy|iOS|https://pc.moppy.jp/ad/detail.php?site_id=160366
2026-10-02T20:58:50.811178Z,パズル＆サバイバル,point_income,iOS,300,パズル＆サバイバル|point_income|iOS|https://sp.pointi.jp/ad/154851/
2026-10-02T20:58:50.811178Z,パズル＆サバイバル,warau,Android,29500,パズル＆サバイバル|warau|Android|https://www.warau.jp/contents/point/pointEntrance.php?point_id=205557
2026-10-02T20:58:50.811178Z,パズル＆サバイバル,warau,iOS,15230,パズル＆サバイバル|warau|iOS|https://www.warau.jp/contents/point/pointEntrance.php?point_id=205361
2026-10-02T20:58:50.811178Z,ファミリーファームの冒険,ec_navi,iOS,900,ファミリーファームの冒険|ec_navi|iOS|https://ecnavi.jp/ad/10720018/show/?frame=category
2026-10-02T20:58:50.811178Z,ホワイトアウト・サバイバル,moppy,Android,6119,ホワイトアウト・サバイバル|moppy|Android|https://pc.moppy.jp/ad/detail.php?site_id=160375
2026-10-02T20:58:50.811178Z,ホワイトアウト・サバイバル,warau,Android,11500,ホワイトアウト・サバイバル|warau|Android|https://www.warau.jp/contents/point/pointEntrance.php?point_id=201872&pl=pc_categoryService
2026-10-02T20:58:50.811178Z,ホワイトアウト・サバイバル,warau,iOS,11500,ホワイトアウト・サバイバル|warau|iOS|https://www.warau.jp/contents/point/pointEntrance.php?point_id=201862
2026-10-02T20:58:50.811178Z,マフィア・シティ-極道風雲,warau,Android,17150,マフィア・シティ-極道風雲|warau|Android|https://www.warau.jp/contents/point/pointEntrance.php?point_id=198936
2026-10-02T20:58:50.811178Z,マフィア・シティ-極道風雲,warau,iOS,17150,マフィア・シティ-極道風雲|warau|iOS|https://www.warau.jp/contents/point/pointEntrance.php?point_id=198935
2026-10-02T20:58:50.811178Z,メメントモリ,hapitas,Android,5316,メメントモリ|hapitas|Android|https://hapitas.jp/item/detail/itemid/99421
2026-10-02T20:58:50.811178Z,メメントモリ,hapitas,iOS,5316,メメントモリ|hapitas|iOS|https://hapitas.jp/item/detail/itemid/99420
2026-10-02T20:58:50.811178Z,メメントモリ,warau,Android,12050,メメントモリ|warau|Android|https://www.warau.jp/contents/point/pointEntrance.php?point_id=205975
2026-10-02T20:58:50.811178Z,メメントモリ,warau,iOS,12050,メメントモリ|warau|iOS|https://www.warau.jp/contents/point/pointEntrance.php?point_id=206035
2026-10-02T20:58:50.811178Z,ロックンキャッシュカジノ-スロットゲーム,coincome,iOS,112200,ロックンキャッシュカジノ-スロットゲーム|coincome|iOS|https://cimcome.jp/campaigns/details/9782
2026-10-02T20:58:50.811178Z,ワーキングヒーロー,hapitas,Android,9822,ワーキングヒーロー|hapitas|Android|https://hapitas.jp/item/detail/itemid/101445
2026-10-02T20:58:50.811178Z,ワーキングヒーロー,hapitas,iOS,9822,ワーキングヒーロー|hapitas|iOS|https://hapitas.jp/item/detail/itemid/101444
2026-10-02T20:58:50.811178Z,放置少女,moppy,不明,1852,放置少女|moppy|不明|https://pc.moppy.jp/ad/detail.php?site_id=147270
2026-10-02T20:58:50.811178Z,放置少女,warau,Android,1600,放置少女|warau|Android|https://www.warau.jp/contents/point/pointEntrance.php?point_id=177971
2026-10-02T20:58:50.811178Z,放置少女,warau,iOS,2000,放置少女|warau|iOS|https://www.warau.jp/contents/point/pointEntrance.php?point_id=206411
2026-10-02T20:58:50.811178Z,東京ディバンカー,hapitas,Android,147,東京ディバンカー|hapitas|Android|https://hapitas.jp/item/detail/itemid/91334
2026-10-02T20:58:50.811178Z,東京ディバンカー,hapitas,iOS,147,東京ディバンカー|hapitas|iOS|https://hapitas.jp/item/detail/itemid/91316
2026-10-02T20:58:50.811178Z,東京ディバンカー,moppy,不明,199,東京ディバンカー|moppy|不明|https://pc.moppy.jp/ad/detail.php?site_id=158257
2026-10-02T20:58:50.811178Z,東京ディバンカー,point_income,Android,150,東京ディバンカー|point_income|Android|https://sp.pointi.jp/ad/149927/
2026-10-02T20:58:50.811178Z,東京ディバンカー,point_income,iOS,150,東京ディバンカー|point_income|iOS|https://sp.pointi.jp/ad/149911/
2026-10-02T20:58:50.811178Z,東京ディバンカー,warau,Android,210,東京ディバンカー|warau|Android|https://www.warau.jp/contents/point/pointEntrance.php?point_id=191401
2026-10-02T20:58:50.811178Z,東京ディバンカー,warau,iOS,210,東京ディバンカー|warau|iOS|https://www.warau.jp/contents/point/pointEntrance.php?point_id=191400
